dir,dir_name,shape_cn,shape,speed_level,sequence,csv_count,sample_n,x_min_mm,x_max_mm,y_min_mm,y_max_mm,u_median_sample_mm_s,speed_mean_sample_mm_s,corr_mean_sample,peak_median_sample,flag_mean_sample,sample_stats
蓝月传奇\计算结果\三角-5转速-第1组,三角-5转速-第1组,三角,三角,5,1,299,1767,4.15383,244.038,7.39902,135.908,7.88796,9.412893345010376,0.7185488126768534,3.976846666666667,1.0003772873042822,"[{""file"": ""1.csv"", ""n"": 1767, ""x_min"": 4.15383, ""x_max"": 244.038, ""y_min"": 7.39902, ""y_max"": 135.908, ""u_mean"": 6.945823130356537, ""u_med"": 7.88796, ""u_p10"": 0.8032128000000002, ""u_p90"": 12.25572, ""speed_mean"": 9.242624132993775, ""v_abs_mean"": 4.547868752501414, ""corr_mean"": 0.7177394855687607, ""peak_med"": 3.94194, ""flag_mean"": 1.0011318619128466, ""rot_mean"": -0.0002861691300226372, ""rot_abs_p95"": 0.005031267999999999}, {""file"": ""150.csv"", ""n"": 1767, ""x_min"": 4.15383, ""x_max"": 244.038, ""y_min"": 7.39902, ""y_max"": 135.908, ""u_mean"": 7.1524958221901525, ""u_med"": 8.16148, ""u_p10"": 0.3153078, ""u_p90"": 12.69064, ""speed_mean"": 9.597893049235994, ""v_abs_mean"": 4.803812001403508, ""corr_mean"": 0.716056377475948, ""peak_med"": 3.99113, ""flag_mean"": 1.0, ""rot_mean"": -0.00025878361510469716, ""rot_abs_p95"": 0.007354411999999999}, {""file"": ""299.csv"", ""n"": 1767, ""x_min"": 4.15383, ""x_max"": 244.038, ""y_min"": 7.39902, ""y_max"": 135.908, ""u_mean"": 6.86506001302207, ""u_med"": 7.67834, ""u_p10"": 0.13242988000000125, ""u_p90"": 12.601140000000001, ""speed_mean"": 9.39816285280136, ""v_abs_mean"": 4.751175577079796, ""corr_mean"": 0.7218505749858518, ""peak_med"": 3.99747, ""flag_mean"": 1.0, ""rot_mean"": -0.000281959520181098, ""rot_abs_p95"": 0.0077120159999999735}]"
蓝月传奇\计算结果\三角-5转速-第2组,三角-5转速-第2组,三角,三角,5,2,299,1767,4.15383,244.038,7.39902,135.908,1.63517,4.886928940030184,0.7363851171477082,4.112636666666667,1.0,"[{""file"": ""1.csv"", ""n"": 1767, ""x_min"": 4.15383, ""x_max"": 244.038, ""y_min"": 7.39902, ""y_max"": 135.908, ""u_mean"": 2.0991032289575555, ""u_med"": 1.15554, ""u_p10"": -2.090894, ""u_p90"": 8.623032, ""speed_mean"": 4.792499371250708, ""v_abs_mean"": 2.7577623281437464, ""corr_mean"": 0.7394488047538201, ""peak_med"": 4.11189, ""flag_mean"": 1.0, ""rot_mean"": -8.146706640067912e-05, ""rot_abs_p95"": 0.007238835999999999}, {""file"": ""150.csv"", ""n"": 1767, ""x_min"": 4.15383, ""x_max"": 244.038, ""y_min"": 7.39902, ""y_max"": 135.908, ""u_mean"": 2.3162279346576122, ""u_med"": 1.63517, ""u_p10"": -1.8625099999999999, ""u_p90"": 8.66162, ""speed_mean"": 4.905549146349745, ""v_abs_mean"": 2.6754184336898694, ""corr_mean"": 0.7362490945104697, ""peak_med"": 4.13501, ""flag_mean"": 1.0, ""rot_mean"": -0.0001518429109847198, ""rot_abs_p95"": 0.008129220999999996}, {""file"": ""299.csv"", ""n"": 1767, ""x_min"": 4.15383, ""x_max"": 244.038, ""y_min"": 7.39902, ""y_max"": 135.908, ""u_mean"": 2.413751236508206, ""u_med"": 1.78085, ""u_p10"": -1.8114019999999997, ""u_p90"": 8.849712, ""speed_mean"": 4.962738302490096, ""v_abs_mean"": 2.6905113965987546, ""corr_mean"": 0.7334574521788343, ""peak_med"": 4.09101, ""flag_mean"": 1.0, ""rot_mean"": -0.0001675489828296547, ""rot_abs_p95"": 0.008031819999999995}]"
蓝月传奇\计算结果\三角-5转速-第3组,三角-5转速-第3组,三角,三角,5,3,299,1767,4.15383,244.038,7.39902,135.908,4.63568,6.625369518260705,0.7428585549896245,4.141993333333334,1.0,"[{""file"": ""1.csv"", ""n"": 1767, ""x_min"": 4.15383, ""x_max"": 244.038, ""y_min"": 7.39902, ""y_max"": 135.908, ""u_mean"": 5.421007864929259, ""u_med"": 4.58498, ""u_p10"": -0.45026779999999994, ""u_p90"": 12.07028, ""speed_mean"": 6.680528049235993, ""v_abs_mean"": 2.1886268765930956, ""corr_mean"": 0.7423743089983021, ""peak_med"": 4.13473, ""flag_mean"": 1.0, ""rot_mean"": -4.644620790605544e-05, ""rot_abs_p95"": 0.007221889999999988}, {""file"": ""150.csv"", ""n"": 1767, ""x_min"": 4.15383, ""x_max"": 244.038, ""y_min"": 7.39902, ""y_max"": 135.908, ""u_mean"": 5.234786038862478, ""u_med"": 4.63568, ""u_p10"": -0.7626093999999997, ""u_p90"": 11.82348, ""speed_mean"": 6.5724524699490665, ""v_abs_mean"": 2.2859417582229766, ""corr_mean"": 0.7411344623655913, ""peak_med"": 4.14123, ""flag_mean"": 1.0, ""rot_mean"": 7.769191698924736e-05, ""rot_abs_p95"": 0.0071658109999999916}, {""file"": ""299.csv"", ""n"": 1767, ""x_min"": 4.15383, ""x_max"": 244.038, ""y_min"": 7.39902, ""y_max"": 135.908, ""u_mean"": 5.23051077319751, ""u_med"": 4.77953, ""u_p10"": -0.7677002, ""u_p90"": 11.85824, ""speed_mean"": 6.623128035597056, ""v_abs_mean"": 2.4634616461346917, ""corr_mean"": 0.7450668936049801, ""peak_med"": 4.15002, ""flag_mean"": 1.0, ""rot_mean"": 9.685355022241082e-05, ""rot_abs_p95"": 0.007132655999999997}]"
蓝月传奇\计算结果\三角-10转速-第1组,三角-10转速-第1组,三角,三角,10,1,299,1767,4.15383,244.038,7.39902,135.908,1.70751,5.043412678796454,0.7520638287115639,4.212486666666667,1.0,"[{""file"": ""1.csv"", ""n"": 1767, ""x_min"": 4.15383, ""x_max"": 244.038, ""y_min"": 7.39902, ""y_max"": 135.908, ""u_mean"": 3.126595106564799, ""u_med"": 1.33103, ""u_p10"": -0.6102297999999999, ""u_p90"": 11.41112, ""speed_mean"": 4.805115671646859, ""v_abs_mean"": 2.193355454482173, ""corr_mean"": 0.7547056813808715, ""peak_med"": 4.22031, ""flag_mean"": 1.0, ""rot_mean"": -0.0003788143812167516, ""rot_abs_p95"": 0.006659980999999998}, {""file"": ""150.csv"", ""n"": 1767, ""x_min"": 4.15383, ""x_max"": 244.038, ""y_min"": 7.39902, ""y_max"": 135.908, ""u_mean"": 3.5974349671760044, ""u_med"": 1.70751, ""u_p10"": -0.3507528, ""u_p90"": 11.55082, ""speed_mean"": 5.096413332144879, ""v_abs_mean"": 2.184894557142049, ""corr_mean"": 0.7512560843237125, ""peak_med"": 4.21398, ""flag_mean"": 1.0, ""rot_mean"": -0.00043779511341822283, ""rot_abs_p95"": 0.006300433}, {""file"": ""299.csv"", ""n"": 1767, ""x_min"": 4.15383, ""x_max"": 244.038, ""y_min"": 7.39902, ""y_max"": 135.908, ""u_mean"": 3.6870463648047536, ""u_med"": 2.10237, ""u_p10"": -0.23267779999999996, ""u_p90"": 11.443200000000001, ""speed_mean"": 5.228709032597624, ""v_abs_mean"": 2.2086711687549516, ""corr_mean"": 0.7502297204301075, ""peak_med"": 4.20317, ""flag_mean"": 1.0, ""rot_mean"": -0.0005846356749066213, ""rot_abs_p95"": 0.0065567849999999955}]"
蓝月传奇\计算结果\三角-10转速-第2组,三角-10转速-第2组,三角,三角,10,2,299,1767,4.15383,244.038,7.39902,135.908,1.78739,5.441212985587626,0.749064295038672,4.1760166666666665,1.0,"[{""file"": ""1.csv"", ""n"": 1767, ""x_min"": 4.15383, ""x_max"": 244.038, ""y_min"": 7.39902, ""y_max"": 135.908, ""u_mean"": 3.9645801815166952, ""u_med"": 1.86929, ""u_p10"": -1.62731, ""u_p90"": 12.9879, ""speed_mean"": 5.688901196095077, ""v_abs_mean"": 1.958221575772496, ""corr_mean"": 0.7562135031126203, ""peak_med"": 4.21684, ""flag_mean"": 1.0, ""rot_mean"": -0.00017012991614035085, ""rot_abs_p95"": 0.007397234999999991}, {""file"": ""150.csv"", ""n"": 1767, ""x_min"": 4.15383, ""x_max"": 244.038, ""y_min"": 7.39902, ""y_max"": 135.908, ""u_mean"": 3.368049463970005, ""u_med"": 1.78739, ""u_p10"": -2.187624, ""u_p90"": 11.581880000000004, ""speed_mean"": 5.457592406168648, ""v_abs_mean"": 1.98339736631013, ""corr_mean"": 0.7504884125636673, ""peak_med"": 4.1723, ""flag_mean"": 1.0, ""rot_mean"": -0.00016013379570684768, ""rot_abs_p95"": 0.007163900999999999}, {""file"": ""299.csv"", ""n"": 1767, ""x_min"": 4.15383, ""x_max"": 244.038, ""y_min"": 7.39902, ""y_max"": 135.908, ""u_mean"": 2.771053275925297, ""u_med"": 1.60447, ""u_p10"": -2.672396, ""u_p90"": 10.16058, ""speed_mean"": 5.177145354499151, ""v_abs_mean"": 2.1118215107583476, ""corr_mean"": 0.7404909694397284, ""peak_med"": 4.13891, ""flag_mean"": 1.0, ""rot_mean"": -0.00015478339225240522, ""rot_abs_p95"": 0.0071521649999999985}]"
蓝月传奇\计算结果\三角-10转速-第3组,三角-10转速-第3组,三角,三角,10,3,299,1767,4.15383,244.038,7.39902,135.908,3.16135,6.275572194046407,0.7407991692133559,4.116506666666667,1.0,"[{""file"": ""1.csv"", ""n"": 1767, ""x_min"": 4.15383, ""x_max"": 244.038, ""y_min"": 7.39902, ""y_max"": 135.908, ""u_mean"": 4.580711085563101, ""u_med"": 3.59567, ""u_p10"": -0.7880421999999998, ""u_p90"": 12.08688, ""speed_mean"": 6.492199237351443, ""v_abs_mean"": 2.9914427983588, ""corr_mean"": 0.7357018024900961, ""peak_med"": 4.09876, ""flag_mean"": 1.0, ""rot_mean"": -0.00028575001014487835, ""rot_abs_p95"": 0.008832070999999995}, {""file"": ""150.csv"", ""n"": 1767, ""x_min"": 4.15383, ""x_max"": 244.038, ""y_min"": 7.39902, ""y_max"": 135.908, ""u_mean"": 4.2224580704640635, ""u_med"": 3.16135, ""u_p10"": -1.0521839999999998, ""u_p90"": 11.65938, ""speed_mean"": 6.140169246202604, ""v_abs_mean"": 2.848883504119977, ""corr_mean"": 0.7447595104697227, ""peak_med"": 4.12045, ""flag_mean"": 1.0, ""rot_mean"": -0.00037564607567062817, ""rot_abs_p95"": 0.007545226999999991}, {""file"": ""299.csv"", ""n"": 1767, ""x_min"": 4.15383, ""x_max"": 244.038, ""y_min"": 7.39902, ""y_max"": 135.908, ""u_mean"": 4.225290537323146, ""u_med"": 2.9307, ""u_p10"": -1.400858, ""u_p90"": 11.767240000000001, ""speed_mean"": 6.194348098585173, ""v_abs_mean"": 2.756147226270515, ""corr_mean"": 0.741936194680249, ""peak_med"": 4.13031, ""flag_mean"": 1.0, ""rot_mean"": -0.0003323777397509902, ""rot_abs_p95"": 0.007884022999999988}]"
蓝月传奇\计算结果\三角-15转速-第1组,三角-15转速-第1组,三角,三角,15,1,299,1767,4.15383,244.038,7.39902,135.908,3.42072,7.510289293491792,0.7269500499905678,4.077626666666666,1.0,"[{""file"": ""1.csv"", ""n"": 1767, ""x_min"": 4.15383, ""x_max"": 244.038, ""y_min"": 7.39902, ""y_max"": 135.908, ""u_mean"": 5.100016230370684, ""u_med"": 3.77056, ""u_p10"": -0.7879032, ""u_p90"": 12.60632, ""speed_mean"": 7.6044793881154495, ""v_abs_mean"": 3.51534528335597, ""corr_mean"": 0.7227477458970006, ""peak_med"": 4.04727, ""flag_mean"": 1.0, ""rot_mean"": -0.00045579949679117136, ""rot_abs_p95"": 0.007891887999999998}, {""file"": ""150.csv"", ""n"": 1767, ""x_min"": 4.15383, ""x_max"": 244.038, ""y_min"": 7.39902, ""y_max"": 135.908, ""u_mean"": 4.921687828924731, ""u_med"": 3.42072, ""u_p10"": -1.0094859999999999, ""u_p90"": 12.4289, ""speed_mean"": 7.577104349179399, ""v_abs_mean"": 3.4792586295472554, ""corr_mean"": 0.7282602835314093, ""peak_med"": 4.06226, ""flag_mean"": 1.0, ""rot_mean"": -0.00036266141307300496, ""rot_abs_p95"": 0.007980884999999978}, {""file"": ""299.csv"", ""n"": 1767, ""x_min"": 4.15383, ""x_max"": 244.038, ""y_min"": 7.39902, ""y_max"": 135.908, ""u_mean"": 4.744965557192982, ""u_med"": 2.89182, ""u_p10"": -1.2429439999999998, ""u_p90"": 12.216740000000001, ""speed_mean"": 7.349284143180531, ""v_abs_mean"": 3.3133554868986987, ""corr_mean"": 0.7298421205432937, ""peak_med"": 4.12335, ""flag_mean"": 1.0, ""rot_mean"": -0.000292316861080928, ""rot_abs_p95"": 0.008348057999999995}]"
蓝月传奇\计算结果\三角-15转速-第2组,三角-15转速-第2组,三角,三角,15,2,299,1767,4.15383,244.038,7.39902,135.908,3.23166,7.075917725070742,0.7239935955480098,4.018673333333333,1.0,"[{""file"": ""1.csv"", ""n"": 1767, ""x_min"": 4.15383, ""x_max"": 244.038, ""y_min"": 7.39902, ""y_max"": 135.908, ""u_mean"": 4.1334100404080365, ""u_med"": 2.75006, ""u_p10"": -1.0165199999999996, ""u_p90"": 10.921579999999999, ""speed_mean"": 6.8161543246179965, ""v_abs_mean"": 3.7372675713412566, ""corr_mean"": 0.7233539320882852, ""peak_med"": 4.01171, ""flag_mean"": 1.0, ""rot_mean"": -0.0005885653247651386, ""rot_abs_p95"": 0.007186807999999999}, {""file"": ""150.csv"", ""n"": 1767, ""x_min"": 4.15383, ""x_max"": 244.038, ""y_min"": 7.39902, ""y_max"": 135.908, ""u_mean"": 4.439164585183928, ""u_med"": 3.23166, ""u_p10"": -1.022608, ""u_p90"": 11.34118, ""speed_mean"": 7.0370873554046405, ""v_abs_mean"": 3.7580996643803055, ""corr_mean"": 0.7267960158460668, ""peak_med"": 4.03791, ""flag_mean"": 1.0, ""rot_mean"": -0.0006925341144595361, ""rot_abs_p95"": 0.006442358}, {""file"": ""299.csv"", ""n"": 1767, ""x_min"": 4.15383, ""x_max"": 244.038, ""y_min"": 7.39902, ""y_max"": 135.908, ""u_mean"": 4.797824885700057, ""u_med"": 3.9006, ""u_p10"": -1.11707, ""u_p90"": 11.77954, ""speed_mean"": 7.374511495189587, ""v_abs_mean"": 3.847481908992643, ""corr_mean"": 0.7218308387096775, ""peak_med"": 4.0064, ""flag_mean"": 1.0, ""rot_mean"": -0.0007422561832427844, ""rot_abs_p95"": 0.006527160999999999}]"
蓝月传奇\计算结果\三角-15转速-第3组,三角-15转速-第3组,三角,三角,15,3,299,1767,4.15383,244.038,7.39902,135.908,3.55104,5.692068111394076,0.7276595904546311,4.042893333333333,1.000188643652141,"[{""file"": ""1.csv"", ""n"": 1767, ""x_min"": 4.15383, ""x_max"": 244.038, ""y_min"": 7.39902, ""y_max"": 135.908, ""u_mean"": 4.626189534479344, ""u_med"": 3.68505, ""u_p10"": -0.5782512, ""u_p90"": 11.412080000000001, ""speed_mean"": 5.806738781607244, ""v_abs_mean"": 2.1226703952801356, ""corr_mean"": 0.7238371516694962, ""peak_med"": 3.99294, ""flag_mean"": 1.0, ""rot_mean"": -0.00012295936958687034, ""rot_abs_p95"": 0.0070946839999999995}, {""file"": ""150.csv"", ""n"": 1767, ""x_min"": 4.15383, ""x_max"": 244.038, ""y_min"": 7.39902, ""y_max"": 135.908, ""u_mean"": 4.448119189660441, ""u_med"": 3.55104, ""u_p10"": -0.6839906, ""u_p90"": 11.18438, ""speed_mean"": 5.5135004012450475, ""v_abs_mean"": 1.8067857666044145, ""corr_mean"": 0.7275618528579514, ""peak_med"": 4.06706, ""flag_mean"": 1.0005659309564232, ""rot_mean"": -0.0001994898977023204, ""rot_abs_p95"": 0.005166674999999997}, {""file"": ""299.csv"", ""n"": 1767, ""x_min"": 4.15383, ""x_max"": 244.038, ""y_min"": 7.39902, ""y_max"": 135.908, ""u_mean"": 4.678170481870402, ""u_med"": 3.366, ""u_p10"": -0.5642721999999997, ""u_p90"": 11.996760000000002, ""speed_mean"": 5.755965151329938, ""v_abs_mean"": 1.7668330626372384, ""corr_mean"": 0.7315797668364459, ""peak_med"": 4.06868, ""flag_mean"": 1.0, ""rot_mean"": -0.00016937888212224103, ""rot_abs_p95"": 0.007216816999999999}]"
蓝月传奇\计算结果\圆-5转速-第1组,圆-5转速-第1组,圆,圆,5,1,299,1767,4.15383,244.038,7.39902,135.908,4.23088,6.227114715563101,0.7635968381437465,4.350953333333334,1.0,"[{""file"": ""1.csv"", ""n"": 1767, ""x_min"": 4.15383, ""x_max"": 244.038, ""y_min"": 7.39902, ""y_max"": 135.908, ""u_mean"": 5.20968255262026, ""u_med"": 4.40731, ""u_p10"": -0.7770737999999999, ""u_p90"": 12.24002, ""speed_mean"": 6.229886004187888, ""v_abs_mean"": 1.4490996506168647, ""corr_mean"": 0.7645377917374081, ""peak_med"": 4.35132, ""flag_mean"": 1.0, ""rot_mean"": -0.00011313183738539895, ""rot_abs_p95"": 0.006823480999999991}, {""file"": ""150.csv"", ""n"": 1767, ""x_min"": 4.15383, ""x_max"": 244.038, ""y_min"": 7.39902, ""y_max"": 135.908, ""u_mean"": 5.256071695057725, ""u_med"": 4.23088, ""u_p10"": -0.7747611999999998, ""u_p90"": 12.44588, ""speed_mean"": 6.282566884436898, ""v_abs_mean"": 1.4981471350311262, ""corr_mean"": 0.7666798556876061, ""peak_med"": 4.3629, ""flag_mean"": 1.0, ""rot_mean"": -0.0001112014915110357, ""rot_abs_p95"": 0.007037930999999991}, {""file"": ""299.csv"", ""n"": 1767, ""x_min"": 4.15383, ""x_max"": 244.038, ""y_min"": 7.39902, ""y_max"": 135.908, ""u_mean"": 4.98176538785795, ""u_med"": 3.6745, ""u_p10"": -1.1516619999999997, ""u_p90"": 12.364180000000001, ""speed_mean"": 6.168891258064515, ""v_abs_mean"": 1.6240835918958685, ""corr_mean"": 0.7595728670062251, ""peak_med"": 4.33864, ""flag_mean"": 1.0, ""rot_mean"": -0.00015251132353140913, ""rot_abs_p95"": 0.006373026999999977}]"
蓝月传奇\计算结果\圆-5转速-第2组,圆-5转速-第2组,圆,圆,5,2,299,1767,4.15383,244.038,7.39902,135.908,6.59707,6.940940145576306,0.7544768456894926,4.301023333333333,1.0,"[{""file"": ""1.csv"", ""n"": 1767, ""x_min"": 4.15383, ""x_max"": 244.038, ""y_min"": 7.39902, ""y_max"": 135.908, ""u_mean"": 6.519577762931522, ""u_med"": 7.66264, ""u_p10"": -0.5315407999999998, ""u_p90"": 12.38136, ""speed_mean"": 7.428887360894171, ""v_abs_mean"": 1.7920426023316356, ""corr_mean"": 0.7528299411431806, ""peak_med"": 4.30517, ""flag_mean"": 1.0, ""rot_mean"": 7.464362200905487e-05, ""rot_abs_p95"": 0.007399416999999971}, {""file"": ""150.csv"", ""n"": 1767, ""x_min"": 4.15383, ""x_max"": 244.038, ""y_min"": 7.39902, ""y_max"": 135.908, ""u_mean"": 6.0214576126711945, ""u_med"": 6.59707, ""u_p10"": -0.8071703999999998, ""u_p90"": 12.108500000000001, ""speed_mean"": 6.886826580701754, ""v_abs_mean"": 1.5122876642954162, ""corr_mean"": 0.7554545025466892, ""peak_med"": 4.32188, ""flag_mean"": 1.0, ""rot_mean"": 4.840153273910567e-05, ""rot_abs_p95"": 0.006871147999999998}, {""file"": ""299.csv"", ""n"": 1767, ""x_min"": 4.15383, ""x_max"": 244.038, ""y_min"": 7.39902, ""y_max"": 135.908, ""u_mean"": 5.608855415099039, ""u_med"": 5.48986, ""u_p10"": -0.6066493999999998, ""u_p90"": 11.867, ""speed_mean"": 6.507106495132994, ""v_abs_mean"": 1.456640083384267, ""corr_mean"": 0.7551460933786078, ""peak_med"": 4.27602, ""flag_mean"": 1.0, ""rot_mean"": 3.1084074923599364e-05, ""rot_abs_p95"": 0.007406489999999985}]"
蓝月传奇\计算结果\圆-5转速-第3组,圆-5转速-第3组,圆,圆,5,3,299,1767,4.15383,244.038,7.39902,135.908,2.62309,5.416250384927371,0.7551186945859273,4.27367,1.000188643652141,"[{""file"": ""1.csv"", ""n"": 1767, ""x_min"": 4.15383, ""x_max"": 244.038, ""y_min"": 7.39902, ""y_max"": 135.908, ""u_mean"": 4.265113267368421, ""u_med"": 2.75923, ""u_p10"": -1.0303959999999999, ""u_p90"": 11.67584, ""speed_mean"": 5.449183529824561, ""v_abs_mean"": 1.7296169891228068, ""corr_mean"": 0.7562971833616299, ""peak_med"": 4.28727, ""flag_mean"": 1.0005659309564232, ""rot_mean"": 5.13324773684212e-05, ""rot_abs_p95"": 0.006447789}, {""file"": ""150.csv"", ""n"": 1767, ""x_min"": 4.15383, ""x_max"": 244.038, ""y_min"": 7.39902, ""y_max"": 135.908, ""u_mean"": 4.149333561624222, ""u_med"": 2.62309, ""u_p10"": -1.024708, ""u_p90"": 11.6234, ""speed_mean"": 5.458098566666666, ""v_abs_mean"": 1.8659020230843237, ""corr_mean"": 0.7556276644029427, ""peak_med"": 4.27099, ""flag_mean"": 1.0, ""rot_mean"": 2.3473446254668767e-05, ""rot_abs_p95"": 0.008309526999999975}, {""file"": ""299.csv"", ""n"": 1767, ""x_min"": 4.15383, ""x_max"": 244.038, ""y_min"": 7.39902, ""y_max"": 135.908, ""u_mean"": 4.01588580674035, ""u_med"": 2.56798, ""u_p10"": -0.8725135999999997, ""u_p90"": 11.358740000000001, ""speed_mean"": 5.341469058290889, ""v_abs_mean"": 1.9317998002150538, ""corr_mean"": 0.7534312359932089, ""peak_med"": 4.26275, ""flag_mean"": 1.0, ""rot_mean"": -5.1459172071307245e-05, ""rot_abs_p95"": 0.008837959999999997}]"
蓝月传奇\计算结果\圆-10转速-第1组,圆-10转速-第1组,圆,圆,10,1,299,1767,4.15383,244.038,7.39902,135.908,2.48801,5.264205533616299,0.7579100083003207,4.31041,1.0,"[{""file"": ""1.csv"", ""n"": 1767, ""x_min"": 4.15383, ""x_max"": 244.038, ""y_min"": 7.39902, ""y_max"": 135.908, ""u_mean"": 3.671757659270515, ""u_med"": 2.24542, ""u_p10"": -2.241366, ""u_p90"": 11.204220000000003, ""speed_mean"": 5.2500908701754385, ""v_abs_mean"": 1.4471808289247312, ""corr_mean"": 0.7597724193548387, ""peak_med"": 4.33135, ""flag_mean"": 1.0, ""rot_mean"": 2.60784427221278e-05, ""rot_abs_p95"": 0.007755205999999999}, {""file"": ""150.csv"", ""n"": 1767, ""x_min"": 4.15383, ""x_max"": 244.038, ""y_min"": 7.39902, ""y_max"": 135.908, ""u_mean"": 3.8107700809077536, ""u_med"": 2.57872, ""u_p10"": -2.3230139999999997, ""u_p90"": 11.364040000000001, ""speed_mean"": 5.299246324052065, ""v_abs_mean"": 1.4606140650311266, ""corr_mean"": 0.7538697741935485, ""peak_med"": 4.27036, ""flag_mean"": 1.0, ""rot_mean"": 2.565082944538755e-05, ""rot_abs_p95"": 0.007546632999999995}, {""file"": ""299.csv"", ""n"": 1767, ""x_min"": 4.15383, ""x_max"": 244.038, ""y_min"": 7.39902, ""y_max"": 135.908, ""u_mean"": 3.843286439569893, ""u_med"": 2.48801, ""u_p10"": -2.20688, ""u_p90"": 11.49294, ""speed_mean"": 5.243279406621393, ""v_abs_mean"": 1.348483923916242, ""corr_mean"": 0.760087831352575, ""peak_med"": 4.32952, ""flag_mean"": 1.0, ""rot_mean"": 5.60638647538201e-05, ""rot_abs_p95"": 0.007379028999999997}]"
蓝月传奇\计算结果\圆-10转速-第2组,圆-10转速-第2组,圆,圆,10,2,299,1767,4.15383,244.038,7.39902,135.908,3.96779,5.897618025127335,0.7455584087907942,4.226366666666667,1.0,"[{""file"": ""1.csv"", ""n"": 1767, ""x_min"": 4.15383, ""x_max"": 244.038, ""y_min"": 7.39902, ""y_max"": 135.908, ""u_mean"": 4.784322262265421, ""u_med"": 4.03301, ""u_p10"": -0.8808425999999995, ""u_p90"": 11.94938, ""speed_mean"": 6.011838334238822, ""v_abs_mean"": 1.6314684930220713, ""corr_mean"": 0.7460954572722127, ""peak_med"": 4.22848, ""flag_mean"": 1.0, ""rot_mean"": 4.5577252597623103e-05, ""rot_abs_p95"": 0.007935051999999998}, {""file"": ""150.csv"", ""n"": 1767, ""x_min"": 4.15383, ""x_max"": 244.038, ""y_min"": 7.39902, ""y_max"": 135.908, ""u_mean"": 4.432472489219015, ""u_med"": 3.51792, ""u_p10"": -1.046578, ""u_p90"": 11.443340000000001, ""speed_mean"": 5.665404925636673, ""v_abs_mean"": 1.548338727877759, ""corr_mean"": 0.7480044086021506, ""peak_med"": 4.26576, ""flag_mean"": 1.0, ""rot_mean"": 2.210141012450474e-05, ""rot_abs_p95"": 0.0076553729999999974}, {""file"": ""299.csv"", ""n"": 1767, ""x_min"": 4.15383, ""x_max"": 244.038, ""y_min"": 7.39902, ""y_max"": 135.908, ""u_mean"": 4.746940721624223, ""u_med"": 3.96779, ""u_p10"": -1.228028, ""u_p90"": 11.73924, ""speed_mean"": 6.015610815506508, ""v_abs_mean"": 1.7073669161799658, ""corr_mean"": 0.7425753604980193, ""peak_med"": 4.18486, ""flag_mean"": 1.0, ""rot_mean"": 8.398855065080971e-07, ""rot_abs_p95"": 0.007331406999999999}]"
蓝月传奇\计算结果\圆-10转速-第3组,圆-10转速-第3组,圆,圆,10,3,299,1767,4.15383,244.038,7.39902,135.908,3.75967,6.07601904101113,0.7603310494246368,4.333066666666666,1.0,"[{""file"": ""1.csv"", ""n"": 1767, ""x_min"": 4.15383, ""x_max"": 244.038, ""y_min"": 7.39902, ""y_max"": 135.908, ""u_mean"": 5.115501480959253, ""u_med"": 4.44762, ""u_p10"": -1.024892, ""u_p90"": 12.18318, ""speed_mean"": 6.238737929088852, ""v_abs_mean"": 1.4276432387266553, ""corr_mean"": 0.7595515959252971, ""peak_med"": 4.30483, ""flag_mean"": 1.0, ""rot_mean"": -7.631884301075259e-06, ""rot_abs_p95"": 0.008021104000000001}, {""file"": ""150.csv"", ""n"": 1767, ""x_min"": 4.15383, ""x_max"": 244.038, ""y_min"": 7.39902, ""y_max"": 135.908, ""u_mean"": 4.924677382761743, ""u_med"": 3.75967, ""u_p10"": -1.0492339999999993, ""u_p90"": 12.10178, ""speed_mean"": 6.046818691680815, ""v_abs_mean"": 1.3396586203169212, ""corr_mean"": 0.7585030005659309, ""peak_med"": 4.33537, ""flag_mean"": 1.0, ""rot_mean"": -5.9154185387662574e-05, ""rot_abs_p95"": 0.007428689999999998}, {""file"": ""299.csv"", ""n"": 1767, ""x_min"": 4.15383, ""x_max"": 244.038, ""y_min"": 7.39902, ""y_max"": 135.908, ""u_mean"": 4.822662030265987, ""u_med"": 3.41879, ""u_p10"": -1.0537699999999999, ""u_p90"": 11.889900000000003, ""speed_mean"": 5.942500502263724, ""v_abs_mean"": 1.3518837982342955, ""corr_mean"": 0.7629385517826824, ""peak_med"": 4.359, ""flag_mean"": 1.0, ""rot_mean"": -7.617753265421623e-05, ""rot_abs_p95"": 0.007798675999999986}]"
蓝月传奇\计算结果\圆-15转速-第1组,圆-15转速-第1组,圆,圆,15,1,299,1767,4.15383,244.038,7.39902,135.908,2.85251,5.770996351914732,0.7499229215242407,4.2514,1.0,"[{""file"": ""1.csv"", ""n"": 1767, ""x_min"": 4.15383, ""x_max"": 244.038, ""y_min"": 7.39902, ""y_max"": 135.908, ""u_mean"": 4.644378861127335, ""u_med"": 3.6335, ""u_p10"": -1.282469999999999, ""u_p90"": 11.763480000000001, ""speed_mean"": 6.167232762648556, ""v_abs_mean"": 1.8221014917826825, ""corr_mean"": 0.7494086694963215, ""peak_med"": 4.23261, ""flag_mean"": 1.0, ""rot_mean"": -0.0002496667938936049, ""rot_abs_p95"": 0.007280869999999985}, {""file"": ""150.csv"", ""n"": 1767, ""x_min"": 4.15383, ""x_max"": 244.038, ""y_min"": 7.39902, ""y_max"": 135.908, ""u_mean"": 4.227611623723825, ""u_med"": 2.81403, ""u_p10"": -1.475914, ""u_p90"": 11.35932, ""speed_mean"": 5.651678691907188, ""v_abs_mean"": 1.6484709135087718, ""corr_mean"": 0.7513048268251273, ""peak_med"": 4.25745, ""flag_mean"": 1.0, ""rot_mean"": -0.00021797003560837565, ""rot_abs_p95"": 0.0071657009999999965}, {""file"": ""299.csv"", ""n"": 1767, ""x_min"": 4.15383, ""x_max"": 244.038, ""y_min"": 7.39902, ""y_max"": 135.908, ""u_mean"": 4.251983915438597, ""u_med"": 2.85251, ""u_p10"": -1.2394579999999997, ""u_p90"": 11.282580000000001, ""speed_mean"": 5.4940776011884545, ""v_abs_mean"": 1.6284937707979625, ""corr_mean"": 0.7490552682512734, ""peak_med"": 4.26414, ""flag_mean"": 1.0, ""rot_mean"": -0.0001783758499547256, ""rot_abs_p95"": 0.006922567999999997}]"
蓝月传奇\计算结果\圆-15转速-第2组,圆-15转速-第2组,圆,圆,15,2,299,1767,4.15383,244.038,7.39902,135.908,5.82054,6.560975505753633,0.7630133623844557,4.292023333333334,1.0,"[{""file"": ""1.csv"", ""n"": 1767, ""x_min"": 4.15383, ""x_max"": 244.038, ""y_min"": 7.39902, ""y_max"": 135.908, ""u_mean"": 5.701415814436899, ""u_med"": 6.20643, ""u_p10"": -0.7550629999999997, ""u_p90"": 12.098180000000001, ""speed_mean"": 6.749039882173176, ""v_abs_mean"": 1.4001877868477646, ""corr_mean"": 0.7599398477645727, ""peak_med"": 4.26679, ""flag_mean"": 1.0, ""rot_mean"": 6.845959081494044e-05, ""rot_abs_p95"": 0.007735939999999999}, {""file"": ""150.csv"", ""n"": 1767, ""x_min"": 4.15383, ""x_max"": 244.038, ""y_min"": 7.39902, ""y_max"": 135.908, ""u_mean"": 5.688495746032824, ""u_med"": 5.82054, ""u_p10"": -0.4549373999999998, ""u_p90"": 12.19664, ""speed_mean"": 6.626592390775327, ""v_abs_mean"": 1.3597376873571023, ""corr_mean"": 0.7644872150537635, ""peak_med"": 4.31071, ""flag_mean"": 1.0, ""rot_mean"": 2.356372700169802e-05, ""rot_abs_p95"": 0.008300085999999996}, {""file"": ""299.csv"", ""n"": 1767, ""x_min"": 4.15383, ""x_max"": 244.038, ""y_min"": 7.39902, ""y_max"": 135.908, ""u_mean"": 5.313966596072439, ""u_med"": 4.98696, ""u_p10"": -0.5755669999999998, ""u_p90"": 11.94722, ""speed_mean"": 6.307294244312394, ""v_abs_mean"": 1.3317744441539334, ""corr_mean"": 0.7646130243350312, ""peak_med"": 4.29857, ""flag_mean"": 1.0, ""rot_mean"": -6.741591188455082e-06, ""rot_abs_p95"": 0.007914748999999997}]"
蓝月传奇\计算结果\圆-15转速-第3组,圆-15转速-第3组,圆,圆,15,3,299,1767,4.15383,244.038,7.39902,135.908,3.16571,5.360608192491983,0.7412212444821732,4.19186,1.0,"[{""file"": ""1.csv"", ""n"": 1767, ""x_min"": 4.15383, ""x_max"": 244.038, ""y_min"": 7.39902, ""y_max"": 135.908, ""u_mean"": 4.0258399359032255, ""u_med"": 2.86548, ""u_p10"": -0.6634407999999999, ""u_p90"": 10.89384, ""speed_mean"": 5.263649835766836, ""v_abs_mean"": 1.9492347760611206, ""corr_mean"": 0.7402063531409168, ""peak_med"": 4.19875, ""flag_mean"": 1.0, ""rot_mean"": 0.0001948417032031693, ""rot_abs_p95"": 0.006885432999999997}, {""file"": ""150.csv"", ""n"": 1767, ""x_min"": 4.15383, ""x_max"": 244.038, ""y_min"": 7.39902, ""y_max"": 135.908, ""u_mean"": 4.270792018166384, ""u_med"": 3.16571, ""u_p10"": -0.47810159999999985, ""u_p90"": 10.83916, ""speed_mean"": 5.392140477475949, ""v_abs_mean"": 1.8497331332427844, ""corr_mean"": 0.7400956055461234, ""peak_med"": 4.19553, ""flag_mean"": 1.0, ""rot_mean"": 0.00015563210917374072, ""rot_abs_p95"": 0.006953719999999993}, {""file"": ""299.csv"", ""n"": 1767, ""x_min"": 4.15383, ""x_max"": 244.038, ""y_min"": 7.39902, ""y_max"": 135.908, ""u_mean"": 4.336612467030561, ""u_med"": 3.36907, ""u_p10"": -0.35235679999999986, ""u_p90"": 11.031260000000003, ""speed_mean"": 5.426034264233165, ""v_abs_mean"": 1.733593531663837, ""corr_mean"": 0.7433617747594795, ""peak_med"": 4.1813, ""flag_mean"": 1.0, ""rot_mean"": 0.0001511361390888512, ""rot_abs_p95"": 0.0066296359999999934}]"
蓝月传奇\计算结果\机翼-5转速-第1组,机翼-5转速-第1组,机翼,机翼,5,1,299,1767,4.15383,244.038,7.39902,135.908,11.3046,11.110421216751556,0.8215452922090171,4.089693333333333,1.0,"[{""file"": ""1.csv"", ""n"": 1767, ""x_min"": 4.15383, ""x_max"": 244.038, ""y_min"": 7.39902, ""y_max"": 135.908, ""u_mean"": 10.988467821165818, ""u_med"": 11.2316, ""u_p10"": 8.430392000000001, ""u_p90"": 13.198300000000001, ""speed_mean"": 11.02203089983022, ""v_abs_mean"": 0.5894469894623657, ""corr_mean"": 0.8195955574419922, ""peak_med"": 4.06754, ""flag_mean"": 1.0, ""rot_mean"": 0.00010325090852857953, ""rot_abs_p95"": 0.00590103899999998}, {""file"": ""150.csv"", ""n"": 1767, ""x_min"": 4.15383, ""x_max"": 244.038, ""y_min"": 7.39902, ""y_max"": 135.908, ""u_mean"": 11.038836796830786, ""u_med"": 11.3046, ""u_p10"": 8.764318, ""u_p90"": 13.15872, ""speed_mean"": 11.070698109790607, ""v_abs_mean"": 0.5777511261912847, ""corr_mean"": 0.8193990548953028, ""peak_med"": 4.10819, ""flag_mean"": 1.0, ""rot_mean"": 8.282552422750412e-05, ""rot_abs_p95"": 0.005481148999999997}, {""file"": ""299.csv"", ""n"": 1767, ""x_min"": 4.15383, ""x_max"": 244.038, ""y_min"": 7.39902, ""y_max"": 135.908, ""u_mean"": 11.20863621958121, ""u_med"": 11.4103, ""u_p10"": 9.080638000000002, ""u_p90"": 13.327499999999999, ""speed_mean"": 11.238534640633842, ""v_abs_mean"": 0.5362924044029428, ""corr_mean"": 0.8256412642897566, ""peak_med"": 4.09335, ""flag_mean"": 1.0, ""rot_mean"": 8.093410474816074e-05, ""rot_abs_p95"": 0.004801342999999997}]"
蓝月传奇\计算结果\机翼-5转速-第2组,机翼-5转速-第2组,机翼,机翼,5,2,299,1767,4.15383,244.038,7.39902,135.908,11.3123,11.096123667232597,0.8144515272590077,3.989926666666667,1.0,"[{""file"": ""1.csv"", ""n"": 1767, ""x_min"": 4.15383, ""x_max"": 244.038, ""y_min"": 7.39902, ""y_max"": 135.908, ""u_mean"": 11.033949151103567, ""u_med"": 11.3123, ""u_p10"": 8.560814, ""u_p90"": 13.1348, ""speed_mean"": 11.067532925863045, ""v_abs_mean"": 0.5706070799320883, ""corr_mean"": 0.8130214640633843, ""peak_med"": 3.96316, ""flag_mean"": 1.0, ""rot_mean"": 8.125218895868697e-05, ""rot_abs_p95"": 0.0058627109999999935}, {""file"": ""150.csv"", ""n"": 1767, ""x_min"": 4.15383, ""x_max"": 244.038, ""y_min"": 7.39902, ""y_max"": 135.908, ""u_mean"": 11.0505966270515, ""u_med"": 11.277, ""u_p10"": 8.552620000000001, ""u_p90"": 13.21904, ""speed_mean"": 11.083576972269382, ""v_abs_mean"": 0.5873511187719299, ""corr_mean"": 0.8146989190718733, ""peak_med"": 4.00804, ""flag_mean"": 1.0, ""rot_mean"": 8.375839226372386e-05, ""rot_abs_p95"": 0.004871669999999991}, {""file"": ""299.csv"", ""n"": 1767, ""x_min"": 4.15383, ""x_max"": 244.038, ""y_min"": 7.39902, ""y_max"": 135.908, ""u_mean"": 11.104386038483305, ""u_med"": 11.3853, ""u_p10"": 8.615628000000001, ""u_p90"": 13.26152, ""speed_mean"": 11.137261103565365, ""v_abs_mean"": 0.5682150380475383, ""corr_mean"": 0.8156341986417657, ""peak_med"": 3.99858, ""flag_mean"": 1.0, ""rot_mean"": 8.043562352574987e-05, ""rot_abs_p95"": 0.005648506999999992}]"
蓝月传奇\计算结果\机翼-5转速-第3组,机翼-5转速-第3组,机翼,机翼,5,3,299,1767,4.15383,244.038,7.39902,135.908,11.3515,11.113878570081118,0.8147299837766461,4.008579999999999,1.0,"[{""file"": ""1.csv"", ""n"": 1767, ""x_min"": 4.15383, ""x_max"": 244.038, ""y_min"": 7.39902, ""y_max"": 135.908, ""u_mean"": 11.008043695529146, ""u_med"": 11.2676, ""u_p10"": 8.60193, ""u_p90"": 13.08234, ""speed_mean"": 11.043912801358234, ""v_abs_mean"": 0.6225827694340691, ""corr_mean"": 0.8134293163554045, ""peak_med"": 4.0194, ""flag_mean"": 1.0, ""rot_mean"": 8.539794831918512e-05, ""rot_abs_p95"": 0.005196922999999994}, {""file"": ""150.csv"", ""n"": 1767, ""x_min"": 4.15383, ""x_max"": 244.038, ""y_min"": 7.39902, ""y_max"": 135.908, ""u_mean"": 11.131766146010188, ""u_med"": 11.3515, ""u_p10"": 8.959112000000001, ""u_p90"": 13.22278, ""speed_mean"": 11.162573950198077, ""v_abs_mean"": 0.5611616108545557, ""corr_mean"": 0.8148100973401246, ""peak_med"": 4.00739, ""flag_mean"": 1.0, ""rot_mean"": 9.117537328805892e-05, ""rot_abs_p95"": 0.005105279999999997}, {""file"": ""299.csv"", ""n"": 1767, ""x_min"": 4.15383, ""x_max"": 244.038, ""y_min"": 7.39902, ""y_max"": 135.908, ""u_mean"": 11.102724793435199, ""u_med"": 11.4399, ""u_p10"": 8.505452, ""u_p90"": 13.23846, ""speed_mean"": 11.135148958687042, ""v_abs_mean"": 0.5733548399603849, ""corr_mean"": 0.8159505376344087, ""peak_med"": 3.99895, ""flag_mean"": 1.0, ""rot_mean"": 9.895511449518958e-05, ""rot_abs_p95"": 0.005600661999999974}]"
蓝月传奇\计算结果\机翼-10转速-第1组,机翼-10转速-第1组,机翼,机翼,10,1,299,1767,4.15383,244.038,7.39902,135.908,11.3112,11.041833967176004,0.8109869085078287,4.033366666666667,1.0,"[{""file"": ""1.csv"", ""n"": 1767, ""x_min"": 4.15383, ""x_max"": 244.038, ""y_min"": 7.39902, ""y_max"": 135.908, ""u_mean"": 11.038566559139785, ""u_med"": 11.335, ""u_p10"": 8.621818000000001, ""u_p90"": 13.20198, ""speed_mean"": 11.074453220147142, ""v_abs_mean"": 0.5899245261460101, ""corr_mean"": 0.81376906508206, ""peak_med"": 4.05731, ""flag_mean"": 1.0, ""rot_mean"": 9.038154566157325e-05, ""rot_abs_p95"": 0.005142269999999996}, {""file"": ""150.csv"", ""n"": 1767, ""x_min"": 4.15383, ""x_max"": 244.038, ""y_min"": 7.39902, ""y_max"": 135.908, ""u_mean"": 10.974752501414827, ""u_med"": 11.266, ""u_p10"": 8.430586, ""u_p90"": 13.16976, ""speed_mean"": 11.008434204867006, ""v_abs_mean"": 0.5917776652178834, ""corr_mean"": 0.8082802823995472, ""peak_med"": 4.03213, ""flag_mean"": 1.0, ""rot_mean"": 8.050729293152246e-05, ""rot_abs_p95"": 0.005320041999999994}, {""file"": ""299.csv"", ""n"": 1767, ""x_min"": 4.15383, ""x_max"": 244.038, ""y_min"": 7.39902, ""y_max"": 135.908, ""u_mean"": 11.008790837577816, ""u_med"": 11.3112, ""u_p10"": 8.686414000000001, ""u_p90"": 13.10492, ""speed_mean"": 11.042614476513865, ""v_abs_mean"": 0.5641167074646293, ""corr_mean"": 0.810911378041879, ""peak_med"": 4.01066, ""flag_mean"": 1.0, ""rot_mean"": 7.055675195812118e-05, ""rot_abs_p95"": 0.005493440999999991}]"
蓝月传奇\计算结果\机翼-10转速-第2组,机翼-10转速-第2组,机翼,机翼,10,2,299,1767,4.15383,244.038,7.39902,135.908,11.3181,11.100488079607622,0.818685831918506,4.077993333333333,1.0,"[{""file"": ""1.csv"", ""n"": 1767, ""x_min"": 4.15383, ""x_max"": 244.038, ""y_min"": 7.39902, ""y_max"": 135.908, ""u_mean"": 11.023529037917376, ""u_med"": 11.3181, ""u_p10"": 8.868996000000001, ""u_p90"": 13.069880000000001, ""speed_mean"": 11.059874634974534, ""v_abs_mean"": 0.5668031634691567, ""corr_mean"": 0.8173795014148274, ""peak_med"": 4.07607, ""flag_mean"": 1.0, ""rot_mean"": 5.784171710243352e-05, ""rot_abs_p95"": 0.004824291999999998}, {""file"": ""150.csv"", ""n"": 1767, ""x_min"": 4.15383, ""x_max"": 244.038, ""y_min"": 7.39902, ""y_max"": 135.908, ""u_mean"": 11.030638675721562, ""u_med"": 11.2726, ""u_p10"": 8.926718000000001, ""u_p90"": 13.11596, ""speed_mean"": 11.061339790605548, ""v_abs_mean"": 0.5401672198811546, ""corr_mean"": 0.8167485947934352, ""peak_med"": 4.04615, ""flag_mean"": 1.0, ""rot_mean"": 7.38239218788907e-05, ""rot_abs_p95"": 0.004873819999999988}, {""file"": ""299.csv"", ""n"": 1767, ""x_min"": 4.15383, ""x_max"": 244.038, ""y_min"": 7.39902, ""y_max"": 135.908, ""u_mean"": 11.149791516694963, ""u_med"": 11.3636, ""u_p10"": 8.96802, ""u_p90"": 13.1887, ""speed_mean"": 11.180249813242785, ""v_abs_mean"": 0.5481178137973968, ""corr_mean"": 0.8219293995472552, ""peak_med"": 4.11176, ""flag_mean"": 1.0, ""rot_mean"": 9.508904085455583e-05, ""rot_abs_p95"": 0.005132533999999998}]"
蓝月传奇\计算结果\机翼-10转速-第3组,机翼-10转速-第3组,机翼,机翼,10,3,299,1767,4.15383,244.038,7.39902,135.908,11.3783,11.125071035653649,0.8173294606677985,3.9904499999999996,1.0,"[{""file"": ""1.csv"", ""n"": 1767, ""x_min"": 4.15383, ""x_max"": 244.038, ""y_min"": 7.39902, ""y_max"": 135.908, ""u_mean"": 11.015235155631013, ""u_med"": 11.3266, ""u_p10"": 8.566376, ""u_p90"": 13.0738, ""speed_mean"": 11.049982275042446, ""v_abs_mean"": 0.589305314074703, ""corr_mean"": 0.8161234244482173, ""peak_med"": 3.9382, ""flag_mean"": 1.0, ""rot_mean"": 6.958090945104696e-05, ""rot_abs_p95"": 0.005199296999999999}, {""file"": ""150.csv"", ""n"": 1767, ""x_min"": 4.15383, ""x_max"": 244.038, ""y_min"": 7.39902, ""y_max"": 135.908, ""u_mean"": 11.15632675155631, ""u_med"": 11.4041, ""u_p10"": 9.12313, ""u_p90"": 13.134400000000001, ""speed_mean"": 11.188986994906623, ""v_abs_mean"": 0.5635484693152235, ""corr_mean"": 0.8176195942275043, ""peak_med"": 4.036, ""flag_mean"": 1.0, ""rot_mean"": 6.055055259196376e-05, ""rot_abs_p95"": 0.005283966999999999}, {""file"": ""299.csv"", ""n"": 1767, ""x_min"": 4.15383, ""x_max"": 244.038, ""y_min"": 7.39902, ""y_max"": 135.908, ""u_mean"": 11.105036677985286, ""u_med"": 11.3783, ""u_p10"": 8.975002, ""u_p90"": 13.141580000000001, ""speed_mean"": 11.136243837011884, ""v_abs_mean"": 0.5570710376400679, ""corr_mean"": 0.8182453633276741, ""peak_med"": 3.99715, ""flag_mean"": 1.0, ""rot_mean"": 6.554910045274468e-05, ""rot_abs_p95"": 0.005218751999999995}]"
蓝月传奇\计算结果\机翼-15转速-第1组,机翼-15转速-第1组,机翼,机翼,15,1,299,1767,4.15383,244.038,7.39902,135.908,11.3239,11.063080997924919,0.8175607498585172,4.04577,1.0,"[{""file"": ""1.csv"", ""n"": 1767, ""x_min"": 4.15383, ""x_max"": 244.038, ""y_min"": 7.39902, ""y_max"": 135.908, ""u_mean"": 11.030065127334467, ""u_med"": 11.2773, ""u_p10"": 8.887644, ""u_p90"": 13.13734, ""speed_mean"": 11.062495478211659, ""v_abs_mean"": 0.5876637580249009, ""corr_mean"": 0.8146052393887945, ""peak_med"": 4.05234, ""flag_mean"": 1.0, ""rot_mean"": 9.450214317487268e-05, ""rot_abs_p95"": 0.005357446999999964}, {""file"": ""150.csv"", ""n"": 1767, ""x_min"": 4.15383, ""x_max"": 244.038, ""y_min"": 7.39902, ""y_max"": 135.908, ""u_mean"": 10.960818777589132, ""u_med"": 11.3239, ""u_p10"": 8.609666, ""u_p90"": 12.98356, ""speed_mean"": 10.995145495189586, ""v_abs_mean"": 0.5473466773457838, ""corr_mean"": 0.81696913016412, ""peak_med"": 4.05455, ""flag_mean"": 1.0, ""rot_mean"": 0.00010555946254102993, ""rot_abs_p95"": 0.005292275999999998}, {""file"": ""299.csv"", ""n"": 1767, ""x_min"": 4.15383, ""x_max"": 244.038, ""y_min"": 7.39902, ""y_max"": 135.908, ""u_mean"": 11.099902637238259, ""u_med"": 11.334, ""u_p10"": 8.786416, ""u_p90"": 13.16584, ""speed_mean"": 11.131602020373514, ""v_abs_mean"": 0.5407560995302774, ""corr_mean"": 0.8211078800226372, ""peak_med"": 4.03042, ""flag_mean"": 1.0, ""rot_mean"": 8.735031498585167e-05, ""rot_abs_p95"": 0.005381523999999999}]"
蓝月传奇\计算结果\机翼-15转速-第2组,机翼-15转速-第2组,机翼,机翼,15,2,299,1767,4.15383,244.038,7.39902,135.908,11.3162,11.103960575551781,0.8153547251461988,3.9971033333333335,1.0,"[{""file"": ""1.csv"", ""n"": 1767, ""x_min"": 4.15383, ""x_max"": 244.038, ""y_min"": 7.39902, ""y_max"": 135.908, ""u_mean"": 11.06731579909451, ""u_med"": 11.3162, ""u_p10"": 8.879576, ""u_p90"": 13.13166, ""speed_mean"": 11.096907855687606, ""v_abs_mean"": 0.5460401853763441, ""corr_mean"": 0.8163587357102433, ""peak_med"": 4.01776, ""flag_mean"": 1.0, ""rot_mean"": 6.976763144312393e-05, ""rot_abs_p95"": 0.005391536999999995}, {""file"": ""150.csv"", ""n"": 1767, ""x_min"": 4.15383, ""x_max"": 244.038, ""y_min"": 7.39902, ""y_max"": 135.908, ""u_mean"": 10.998749750990378, ""u_med"": 11.2342, ""u_p10"": 8.771616, ""u_p90"": 13.02172, ""speed_mean"": 11.031436530843235, ""v_abs_mean"": 0.5769514819637804, ""corr_mean"": 0.8139092444821732, ""peak_med"": 3.97126, ""flag_mean"": 1.0, ""rot_mean"": 8.451469447651388e-05, ""rot_abs_p95"": 0.005133428999999994}, {""file"": ""299.csv"", ""n"": 1767, ""x_min"": 4.15383, ""x_max"": 244.038, ""y_min"": 7.39902, ""y_max"": 135.908, ""u_mean"": 11.153558732314659, ""u_med"": 11.4067, ""u_p10"": 9.015026, ""u_p90"": 13.17994, ""speed_mean"": 11.183537340124506, ""v_abs_mean"": 0.563496653401245, ""corr_mean"": 0.81579619524618, ""peak_med"": 4.00229, ""flag_mean"": 1.0, ""rot_mean"": 6.947402086021513e-05, ""rot_abs_p95"": 0.005025774999999995}]"
蓝月传奇\计算结果\机翼-15转速-第3组,机翼-15转速-第3组,机翼,机翼,15,3,299,1767,4.15383,244.038,7.39902,135.908,11.3664,11.156358885116015,0.8153387717411809,4.007406666666667,1.0,"[{""file"": ""1.csv"", ""n"": 1767, ""x_min"": 4.15383, ""x_max"": 244.038, ""y_min"": 7.39902, ""y_max"": 135.908, ""u_mean"": 11.029624080362195, ""u_med"": 11.3664, ""u_p10"": 8.78584, ""u_p90"": 13.06596, ""speed_mean"": 11.059408868138087, ""v_abs_mean"": 0.5307114043237124, ""corr_mean"": 0.8131738075834749, ""peak_med"": 3.99087, ""flag_mean"": 1.0, ""rot_mean"": 8.436736188455008e-05, ""rot_abs_p95"": 0.005548876999999998}, {""file"": ""150.csv"", ""n"": 1767, ""x_min"": 4.15383, ""x_max"": 244.038, ""y_min"": 7.39902, ""y_max"": 135.908, ""u_mean"": 10.981904216185626, ""u_med"": 11.2502, ""u_p10"": 8.723742, ""u_p90"": 13.099200000000002, ""speed_mean"": 11.015491607243916, ""v_abs_mean"": 0.560703940950764, ""corr_mean"": 0.8133295370684777, ""peak_med"": 3.99584, ""flag_mean"": 1.0, ""rot_mean"": 8.86016898585173e-05, ""rot_abs_p95"": 0.005438671999999989}, {""file"": ""299.csv"", ""n"": 1767, ""x_min"": 4.15383, ""x_max"": 244.038, ""y_min"": 7.39902, ""y_max"": 135.908, ""u_mean"": 11.361883746462931, ""u_med"": 11.6496, ""u_p10"": 9.370303999999999, ""u_p90"": 13.361360000000001, ""speed_mean"": 11.394176179966045, ""v_abs_mean"": 0.5318927539501981, ""corr_mean"": 0.8195129705715902, ""peak_med"": 4.03551, ""flag_mean"": 1.0, ""rot_mean"": 9.280642139219014e-05, ""rot_abs_p95"": 0.005119203999999983}]"
蓝月传奇\计算结果\菱形-5转速-第1组,菱形-5转速-第1组,菱形,菱形,5,1,299,1767,4.15383,244.038,7.39902,135.908,8.07448,8.277070579796264,0.7527994961328052,3.98424,1.0,"[{""file"": ""1.csv"", ""n"": 1767, ""x_min"": 4.15383, ""x_max"": 244.038, ""y_min"": 7.39902, ""y_max"": 135.908, ""u_mean"": 6.293203813791737, ""u_med"": 7.07318, ""u_p10"": -0.7717902, ""u_p90"": 12.14472, ""speed_mean"": 8.148597385964912, ""v_abs_mean"": 2.9866301780192415, ""corr_mean"": 0.7503592099603849, ""peak_med"": 3.96297, ""flag_mean"": 1.0, ""rot_mean"": -0.0004522559350084891, ""rot_abs_p95"": 0.007551346999999996}, {""file"": ""150.csv"", ""n"": 1767, ""x_min"": 4.15383, ""x_max"": 244.038, ""y_min"": 7.39902, ""y_max"": 135.908, ""u_mean"": 6.629132703661573, ""u_med"": 8.07448, ""u_p10"": -0.5933193999999999, ""u_p90"": 12.33406, ""speed_mean"": 8.291099765421617, ""v_abs_mean"": 2.91398152516695, ""corr_mean"": 0.7555002161856255, ""peak_med"": 3.98301, ""flag_mean"": 1.0, ""rot_mean"": -0.0005190389338709677, ""rot_abs_p95"": 0.006978723}, {""file"": ""299.csv"", ""n"": 1767, ""x_min"": 4.15383, ""x_max"": 244.038, ""y_min"": 7.39902, ""y_max"": 135.908, ""u_mean"": 6.882933151924164, ""u_med"": 8.46275, ""u_p10"": -0.20019439999999958, ""u_p90"": 12.41742, ""speed_mean"": 8.391514588002263, ""v_abs_mean"": 2.8878765308036214, ""corr_mean"": 0.7525390622524052, ""peak_med"": 4.00674, ""flag_mean"": 1.0, ""rot_mean"": -0.0005284131990548952, ""rot_abs_p95"": 0.0067220359999999955}]"
蓝月传奇\计算结果\菱形-5转速-第2组,菱形-5转速-第2组,菱形,菱形,5,2,299,1767,4.15383,244.038,7.39902,135.908,8.77461,8.663206596793058,0.7561927638181475,3.9863433333333336,1.0,"[{""file"": ""1.csv"", ""n"": 1767, ""x_min"": 4.15383, ""x_max"": 244.038, ""y_min"": 7.39902, ""y_max"": 135.908, ""u_mean"": 6.908595696915675, ""u_med"": 8.70622, ""u_p10"": -0.16588399999999998, ""u_p90"": 12.7117, ""speed_mean"": 8.57036404640634, ""v_abs_mean"": 3.099771629688738, ""corr_mean"": 0.7561072224108659, ""peak_med"": 3.99593, ""flag_mean"": 1.0, ""rot_mean"": -0.00030542349495755506, ""rot_abs_p95"": 0.0067798169999999935}, {""file"": ""150.csv"", ""n"": 1767, ""x_min"": 4.15383, ""x_max"": 244.038, ""y_min"": 7.39902, ""y_max"": 135.908, ""u_mean"": 6.911677078692699, ""u_med"": 8.77461, ""u_p10"": -0.46729719999999997, ""u_p90"": 12.75308, ""speed_mean"": 8.618788540803623, ""v_abs_mean"": 3.033244403333333, ""corr_mean"": 0.7560902439162422, ""peak_med"": 4.00959, ""flag_mean"": 1.0, ""rot_mean"": -0.0002788382721844935, ""rot_abs_p95"": 0.006801927999999994}, {""file"": ""299.csv"", ""n"": 1767, ""x_min"": 4.15383, ""x_max"": 244.038, ""y_min"": 7.39902, ""y_max"": 135.908, ""u_mean"": 7.2288859725240515, ""u_med"": 9.46117, ""u_p10"": -0.32243339999999976, ""u_p90"": 13.02116, ""speed_mean"": 8.800467203169212, ""v_abs_mean"": 2.9914340391511036, ""corr_mean"": 0.7563808251273345, ""peak_med"": 3.95351, ""flag_mean"": 1.0, ""rot_mean"": -0.00019594988015280118, ""rot_abs_p95"": 0.005906209999999995}]"
蓝月传奇\计算结果\菱形-5转速-第3组,菱形-5转速-第3组,菱形,菱形,5,3,299,1767,4.15383,244.038,7.39902,135.908,10.3882,9.519991040218827,0.757415039615167,3.9959933333333333,1.0,"[{""file"": ""1.csv"", ""n"": 1767, ""x_min"": 4.15383, ""x_max"": 244.038, ""y_min"": 7.39902, ""y_max"": 135.908, ""u_mean"": 7.836263030056593, ""u_med"": 9.72832, ""u_p10"": 0.08782432000000033, ""u_p90"": 12.84422, ""speed_mean"": 9.20756749122807, ""v_abs_mean"": 2.839394168907753, ""corr_mean"": 0.7594901918505943, ""peak_med"": 3.99199, ""flag_mean"": 1.0, ""rot_mean"": -3.681469256366726e-05, ""rot_abs_p95"": 0.007533294999999997}, {""file"": ""150.csv"", ""n"": 1767, ""x_min"": 4.15383, ""x_max"": 244.038, ""y_min"": 7.39902, ""y_max"": 135.908, ""u_mean"": 8.252207917985285, ""u_med"": 10.3882, ""u_p10"": 0.478003, ""u_p90"": 13.278, ""speed_mean"": 9.633271301075268, ""v_abs_mean"": 3.04292129196378, ""corr_mean"": 0.7586731641199773, ""peak_med"": 4.01082, ""flag_mean"": 1.0, ""rot_mean"": 8.64247884550086e-06, ""rot_abs_p95"": 0.008131324999999998}, {""file"": ""299.csv"", ""n"": 1767, ""x_min"": 4.15383, ""x_max"": 244.038, ""y_min"": 7.39902, ""y_max"": 135.908, ""u_mean"": 8.316573886287493, ""u_med"": 10.4674, ""u_p10"": 0.3762642000000001, ""u_p90"": 13.55182, ""speed_mean"": 9.71913432835314, ""v_abs_mean"": 2.976595206355405, ""corr_mean"": 0.7540817628749291, ""peak_med"": 3.98517, ""flag_mean"": 1.0, ""rot_mean"": 6.601617413129607e-05, ""rot_abs_p95"": 0.007758002999999993}]"
蓝月传奇\计算结果\菱形-10转速-第1组,菱形-10转速-第1组,菱形,菱形,10,1,299,1767,4.15383,244.038,7.39902,135.908,6.80278,8.624815366383702,0.7436336344086021,3.9549266666666667,1.0009432182607054,"[{""file"": ""1.csv"", ""n"": 1767, ""x_min"": 4.15383, ""x_max"": 244.038, ""y_min"": 7.39902, ""y_max"": 135.908, ""u_mean"": 7.033252778041878, ""u_med"": 8.02769, ""u_p10"": 0.5038806, ""u_p90"": 12.871400000000001, ""speed_mean"": 8.971466747028863, ""v_abs_mean"": 4.169470524612337, ""corr_mean"": 0.7414958517260894, ""peak_med"": 3.91295, ""flag_mean"": 1.0, ""rot_mean"": 0.0002935969919185059, ""rot_abs_p95"": 0.009382407999999998}, {""file"": ""150.csv"", ""n"": 1767, ""x_min"": 4.15383, ""x_max"": 244.038, ""y_min"": 7.39902, ""y_max"": 135.908, ""u_mean"": 6.614111695645727, ""u_med"": 6.80278, ""u_p10"": 0.6869258000000003, ""u_p90"": 12.439480000000001, ""speed_mean"": 8.401886164685909, ""v_abs_mean"": 3.9298811389700057, ""corr_mean"": 0.7435742059988681, ""peak_med"": 3.97038, ""flag_mean"": 1.0005659309564232, ""rot_mean"": 0.00031951253645727236, ""rot_abs_p95"": 0.005682953999999995}, {""file"": ""299.csv"", ""n"": 1767, ""x_min"": 4.15383, ""x_max"": 244.038, ""y_min"": 7.39902, ""y_max"": 135.908, ""u_mean"": 6.5406123695472544, ""u_med"": 6.75449, ""u_p10"": 0.27195480000000005, ""u_p90"": 12.887680000000001, ""speed_mean"": 8.501093187436332, ""v_abs_mean"": 4.103656335908319, ""corr_mean"": 0.7458308455008489, ""peak_med"": 3.98145, ""flag_mean"": 1.0022637238256933, ""rot_mean"": 0.00024176670228636107, ""rot_abs_p95"": 0.006262987}]"
蓝月传奇\计算结果\菱形-10转速-第2组,菱形-10转速-第2组,菱形,菱形,10,2,299,1767,4.15383,244.038,7.39902,135.908,7.47626,8.23323679017921,0.7710539249198264,4.02081,1.0,"[{""file"": ""1.csv"", ""n"": 1767, ""x_min"": 4.15383, ""x_max"": 244.038, ""y_min"": 7.39902, ""y_max"": 135.908, ""u_mean"": 6.5989424143480475, ""u_med"": 7.47626, ""u_p10"": -0.6673725999999995, ""u_p90"": 12.6575, ""speed_mean"": 8.156845985908319, ""v_abs_mean"": 2.525155204538766, ""corr_mean"": 0.7720406332767401, ""peak_med"": 4.01469, ""flag_mean"": 1.0, ""rot_mean"": -0.0001069153934578381, ""rot_abs_p95"": 0.008688338999999986}, {""file"": ""150.csv"", ""n"": 1767, ""x_min"": 4.15383, ""x_max"": 244.038, ""y_min"": 7.39902, ""y_max"": 135.908, ""u_mean"": 6.646168075727788, ""u_med"": 7.56267, ""u_p10"": -0.7838331999999995, ""u_p90"": 12.83848, ""speed_mean"": 8.281936813582343, ""v_abs_mean"": 2.4658713199999998, ""corr_mean"": 0.7709531601584606, ""peak_med"": 4.03578, ""flag_mean"": 1.0, ""rot_mean"": -0.0001444372934974533, ""rot_abs_p95"": 0.008344998999999978}, {""file"": ""299.csv"", ""n"": 1767, ""x_min"": 4.15383, ""x_max"": 244.038, ""y_min"": 7.39902, ""y_max"": 135.908, ""u_mean"": 6.462943946202603, ""u_med"": 7.35024, ""u_p10"": -0.9957615999999997, ""u_p90"": 13.18884, ""speed_mean"": 8.260927571046974, ""v_abs_mean"": 2.467714065715903, ""corr_mean"": 0.7701679813242784, ""peak_med"": 4.01196, ""flag_mean"": 1.0, ""rot_mean"": -0.0002445149200113185, ""rot_abs_p95"": 0.009045795999999997}]"
蓝月传奇\计算结果\菱形-10转速-第3组,菱形-10转速-第3组,菱形,菱形,10,3,299,1767,4.15383,244.038,7.39902,135.908,2.15027,5.924151939143559,0.7486308532352387,3.9757700000000002,1.0022637238256933,"[{""file"": ""1.csv"", ""n"": 1767, ""x_min"": 4.15383, ""x_max"": 244.038, ""y_min"": 7.39902, ""y_max"": 135.908, ""u_mean"": 3.8740247643180536, ""u_med"": 2.41761, ""u_p10"": -1.5414299999999999, ""u_p90"": 11.606100000000001, ""speed_mean"": 6.3365867936049804, ""v_abs_mean"": 3.315462084125637, ""corr_mean"": 0.7422047775891342, ""peak_med"": 3.94548, ""flag_mean"": 1.0022637238256933, ""rot_mean"": 0.00018013979288624785, ""rot_abs_p95"": 0.006655973999999978}, {""file"": ""150.csv"", ""n"": 1767, ""x_min"": 4.15383, ""x_max"": 244.038, ""y_min"": 7.39902, ""y_max"": 135.908, ""u_mean"": 3.605350523870968, ""u_med"": 2.15027, ""u_p10"": -1.3387, ""u_p90"": 11.363840000000001, ""speed_mean"": 5.887382207017543, ""v_abs_mean"": 3.021849815138653, ""corr_mean"": 0.7472046491228069, ""peak_med"": 3.95047, ""flag_mean"": 1.0022637238256933, ""rot_mean"": 0.00011164213752122244, ""rot_abs_p95"": 0.006377103999999998}, {""file"": ""299.csv"", ""n"": 1767, ""x_min"": 4.15383, ""x_max"": 244.038, ""y_min"": 7.39902, ""y_max"": 135.908, ""u_mean"": 3.508242864204867, ""u_med"": 1.91049, ""u_p10"": -1.223094, ""u_p90"": 11.055180000000002, ""speed_mean"": 5.54848681680815, ""v_abs_mean"": 2.72119203418223, ""corr_mean"": 0.7564831329937748, ""peak_med"": 4.03136, ""flag_mean"": 1.0022637238256933, ""rot_mean"": 2.4322572942840942e-05, ""rot_abs_p95"": 0.006307508999999992}]"
蓝月传奇\计算结果\菱形-15转速-第1组,菱形-15转速-第1组,菱形,菱形,15,1,299,1767,4.15383,244.038,7.39902,135.908,7.34643,8.409194031710998,0.7378748707790983,3.9151933333333333,1.0030182984342577,"[{""file"": ""1.csv"", ""n"": 1767, ""x_min"": 4.15383, ""x_max"": 244.038, ""y_min"": 7.39902, ""y_max"": 135.908, ""u_mean"": 6.674158560764007, ""u_med"": 6.57321, ""u_p10"": 0.37720500000000007, ""u_p90"": 12.95802, ""speed_mean"": 8.179089359083193, ""v_abs_mean"": 3.4526609020882857, ""corr_mean"": 0.739121959818902, ""peak_med"": 3.90239, ""flag_mean"": 1.0, ""rot_mean"": 0.00026420161980192423, ""rot_abs_p95"": 0.012617399999999997}, {""file"": ""150.csv"", ""n"": 1767, ""x_min"": 4.15383, ""x_max"": 244.038, ""y_min"": 7.39902, ""y_max"": 135.908, ""u_mean"": 7.0783908832088285, ""u_med"": 7.34643, ""u_p10"": 0.9141058, ""u_p90"": 12.752120000000001, ""speed_mean"": 8.33351978245614, ""v_abs_mean"": 3.255835425189587, ""corr_mean"": 0.7338988562535371, ""peak_med"": 3.90676, ""flag_mean"": 1.0067911714770799, ""rot_mean"": 0.0002811022659026599, ""rot_abs_p95"": 0.007568296999999999}, {""file"": ""299.csv"", ""n"": 1767, ""x_min"": 4.15383, ""x_max"": 244.038, ""y_min"": 7.39902, ""y_max"": 135.908, ""u_mean"": 7.356971757719299, ""u_med"": 8.20749, ""u_p10"": 0.7739698000000002, ""u_p90"": 13.033600000000002, ""speed_mean"": 8.714972953593662, ""v_abs_mean"": 3.3346101507753256, ""corr_mean"": 0.7406037962648557, ""peak_med"": 3.93643, ""flag_mean"": 1.0022637238256933, ""rot_mean"": 0.0003047008151782682, ""rot_abs_p95"": 0.0071711779999999925}]"
蓝月传奇\计算结果\菱形-15转速-第2组,菱形-15转速-第2组,菱形,菱形,15,2,299,1767,4.15383,244.038,7.39902,135.908,3.25209,6.261874969571778,0.7531789667987172,4.003276666666667,1.0007545746085644,"[{""file"": ""1.csv"", ""n"": 1767, ""x_min"": 4.15383, ""x_max"": 244.038, ""y_min"": 7.39902, ""y_max"": 135.908, ""u_mean"": 4.268392635512168, ""u_med"": 3.03547, ""u_p10"": -2.141246, ""u_p90"": 11.695120000000001, ""speed_mean"": 6.237983879456706, ""v_abs_mean"": 2.6037087170514996, ""corr_mean"": 0.7532148296547821, ""peak_med"": 3.99683, ""flag_mean"": 1.0, ""rot_mean"": -0.0003306916854329373, ""rot_abs_p95"": 0.009417149999999992}, {""file"": ""150.csv"", ""n"": 1767, ""x_min"": 4.15383, ""x_max"": 244.038, ""y_min"": 7.39902, ""y_max"": 135.908, ""u_mean"": 4.3643046118222975, ""u_med"": 3.25209, ""u_p10"": -1.7703999999999998, ""u_p90"": 11.40464, ""speed_mean"": 6.1711727191850585, ""v_abs_mean"": 2.4088490486926992, ""corr_mean"": 0.7510947945670629, ""peak_med"": 3.99217, ""flag_mean"": 1.0022637238256933, ""rot_mean"": -0.0003284887208998302, ""rot_abs_p95"": 0.005976161999999991}, {""file"": ""299.csv"", ""n"": 1767, ""x_min"": 4.15383, ""x_max"": 244.038, ""y_min"": 7.39902, ""y_max"": 135.908, ""u_mean"": 4.926796678886813, ""u_med"": 3.74655, ""u_p10"": -0.6798906, ""u_p90"": 11.758120000000002, ""speed_mean"": 6.376468310073571, ""v_abs_mean"": 2.267336998681381, ""corr_mean"": 0.7552272761743067, ""peak_med"": 4.02083, ""flag_mean"": 1.0, ""rot_mean"": -0.00028280462651386547, ""rot_abs_p95"": 0.007850149999999986}]"
蓝月传奇\计算结果\菱形-15转速-第3组,菱形-15转速-第3组,菱形,菱形,15,3,299,1767,4.15383,244.038,7.39902,135.908,3.92372,6.05041226672326,0.7567107283531408,3.999636666666666,1.0,"[{""file"": ""1.csv"", ""n"": 1767, ""x_min"": 4.15383, ""x_max"": 244.038, ""y_min"": 7.39902, ""y_max"": 135.908, ""u_mean"": 4.34605132089417, ""u_med"": 3.73872, ""u_p10"": -1.2049139999999996, ""u_p90"": 10.749880000000001, ""speed_mean"": 5.750207658121109, ""v_abs_mean"": 1.744109863322015, ""corr_mean"": 0.7583916140350877, ""peak_med"": 4.02477, ""flag_mean"": 1.0, ""rot_mean"": -6.8926685568760506e-06, ""rot_abs_p95"": 0.007723047999999996}, {""file"": ""150.csv"", ""n"": 1767, ""x_min"": 4.15383, ""x_max"": 244.038, ""y_min"": 7.39902, ""y_max"": 135.908, ""u_mean"": 4.505306864759479, ""u_med"": 3.92372, ""u_p10"": -1.7422319999999993, ""u_p90"": 11.00684, ""speed_mean"": 6.034388475382004, ""v_abs_mean"": 1.8060412922750422, ""corr_mean"": 0.7573812359932087, ""peak_med"": 4.01728, ""flag_mean"": 1.0, ""rot_mean"": 3.297881376344076e-05, ""rot_abs_p95"": 0.008957979999999999}, {""file"": ""299.csv"", ""n"": 1767, ""x_min"": 4.15383, ""x_max"": 244.038, ""y_min"": 7.39902, ""y_max"": 135.908, ""u_mean"": 4.440967502574986, ""u_med"": 4.00557, ""u_p10"": -2.2906239999999998, ""u_p90"": 11.33538, ""speed_mean"": 6.366640666666667, ""v_abs_mean"": 1.9574462429654784, ""corr_mean"": 0.7543593350311261, ""peak_med"": 3.95686, ""flag_mean"": 1.0, ""rot_mean"": 5.0815524035087764e-05, ""rot_abs_p95"": 0.009157388999999991}]"
蓝月传奇\计算结果\长方-5转速-第1组,长方-5转速-第1组,长方,长方,5,1,299,1767,4.15383,244.038,7.39902,135.908,10.6023,9.848691557441992,0.7935300675344275,4.11382,1.0,"[{""file"": ""1.csv"", ""n"": 1767, ""x_min"": 4.15383, ""x_max"": 244.038, ""y_min"": 7.39902, ""y_max"": 135.908, ""u_mean"": 9.787788023486135, ""u_med"": 10.6023, ""u_p10"": 5.816518, ""u_p90"": 12.99876, ""speed_mean"": 9.871938086587436, ""v_abs_mean"": 0.8084066088907753, ""corr_mean"": 0.7922990237691001, ""peak_med"": 4.06584, ""flag_mean"": 1.0, ""rot_mean"": 9.884342307300517e-05, ""rot_abs_p95"": 0.004700176999999989}, {""file"": ""150.csv"", ""n"": 1767, ""x_min"": 4.15383, ""x_max"": 244.038, ""y_min"": 7.39902, ""y_max"": 135.908, ""u_mean"": 9.83182859252971, ""u_med"": 10.645, ""u_p10"": 5.517996, ""u_p90"": 13.04814, ""speed_mean"": 9.902339896434635, ""v_abs_mean"": 0.7781904168194679, ""corr_mean"": 0.7950740464063384, ""peak_med"": 4.12186, ""flag_mean"": 1.0, ""rot_mean"": 0.0001122447176457272, ""rot_abs_p95"": 0.0048477369999999995}, {""file"": ""299.csv"", ""n"": 1767, ""x_min"": 4.15383, ""x_max"": 244.038, ""y_min"": 7.39902, ""y_max"": 135.908, ""u_mean"": 9.700225130164121, ""u_med"": 10.5871, ""u_p10"": 5.209164, ""u_p90"": 12.78052, ""speed_mean"": 9.771796689303905, ""v_abs_mean"": 0.7951746415110357, ""corr_mean"": 0.7932171324278439, ""peak_med"": 4.15376, ""flag_mean"": 1.0, ""rot_mean"": 8.706461176570461e-05, ""rot_abs_p95"": 0.004650153999999982}]"
蓝月传奇\计算结果\长方-5转速-第2组,长方-5转速-第2组,长方,长方,5,2,299,1767,4.15383,244.038,7.39902,135.908,10.8137,10.109556000188643,0.7974177483493681,4.094106666666667,1.0,"[{""file"": ""1.csv"", ""n"": 1767, ""x_min"": 4.15383, ""x_max"": 244.038, ""y_min"": 7.39902, ""y_max"": 135.908, ""u_mean"": 10.142877348726655, ""u_med"": 10.9229, ""u_p10"": 6.020156, ""u_p90"": 13.00376, ""speed_mean"": 10.209961732314657, ""v_abs_mean"": 0.7745231060950764, ""corr_mean"": 0.798393948500283, ""peak_med"": 4.07049, ""flag_mean"": 1.0, ""rot_mean"": 0.00010994275048670056, ""rot_abs_p95"": 0.005049751999999983}, {""file"": ""150.csv"", ""n"": 1767, ""x_min"": 4.15383, ""x_max"": 244.038, ""y_min"": 7.39902, ""y_max"": 135.908, ""u_mean"": 9.994489167515564, ""u_med"": 10.8137, ""u_p10"": 5.90068, ""u_p90"": 12.8492, ""speed_mean"": 10.051566254103001, ""v_abs_mean"": 0.745262735393322, ""corr_mean"": 0.7972294312393887, ""peak_med"": 4.10321, ""flag_mean"": 1.0, ""rot_mean"": 0.00011157123653084323, ""rot_abs_p95"": 0.005190864}, {""file"": ""299.csv"", ""n"": 1767, ""x_min"": 4.15383, ""x_max"": 244.038, ""y_min"": 7.39902, ""y_max"": 135.908, ""u_mean"": 10.0070685155631, ""u_med"": 10.8052, ""u_p10"": 5.858250000000001, ""u_p90"": 13.04748, ""speed_mean"": 10.067140014148272, ""v_abs_mean"": 0.7576252321335597, ""corr_mean"": 0.7966298653084324, ""peak_med"": 4.10862, ""flag_mean"": 1.0, ""rot_mean"": 0.00011636858930956421, ""rot_abs_p95"": 0.005309579999999998}]"
蓝月传奇\计算结果\长方-5转速-第3组,长方-5转速-第3组,长方,长方,5,3,299,1767,4.15383,244.038,7.39902,135.908,10.464,9.541521057536313,0.7844325631013017,4.045663333333334,1.0,"[{""file"": ""1.csv"", ""n"": 1767, ""x_min"": 4.15383, ""x_max"": 244.038, ""y_min"": 7.39902, ""y_max"": 135.908, ""u_mean"": 9.384822292020374, ""u_med"": 10.3723, ""u_p10"": 4.115304, ""u_p90"": 13.03594, ""speed_mean"": 9.482547155065081, ""v_abs_mean"": 0.9261290553593661, ""corr_mean"": 0.7826907187323147, ""peak_med"": 4.04409, ""flag_mean"": 1.0, ""rot_mean"": 9.530263492359932e-05, ""rot_abs_p95"": 0.005745628999999997}, {""file"": ""150.csv"", ""n"": 1767, ""x_min"": 4.15383, ""x_max"": 244.038, ""y_min"": 7.39902, ""y_max"": 135.908, ""u_mean"": 9.47002901131862, ""u_med"": 10.464, ""u_p10"": 4.750596, ""u_p90"": 12.97518, ""speed_mean"": 9.571368432371251, ""v_abs_mean"": 0.9598080890888512, ""corr_mean"": 0.7832090396151671, ""peak_med"": 4.0076, ""flag_mean"": 1.0, ""rot_mean"": 0.00010001115296434636, ""rot_abs_p95"": 0.005528603999999999}, {""file"": ""299.csv"", ""n"": 1767, ""x_min"": 4.15383, ""x_max"": 244.038, ""y_min"": 7.39902, ""y_max"": 135.908, ""u_mean"": 9.475982299037916, ""u_med"": 10.4891, ""u_p10"": 4.689566, ""u_p90"": 12.9273, ""speed_mean"": 9.570647585172608, ""v_abs_mean"": 0.9222508620486701, ""corr_mean"": 0.7873979309564233, ""peak_med"": 4.0853, ""flag_mean"": 1.0, ""rot_mean"": 7.625321698358808e-05, ""rot_abs_p95"": 0.005179120999999977}]"
蓝月传奇\计算结果\长方-10转速-第1组,长方-10转速-第1组,长方,长方,10,1,299,1767,4.15383,244.038,7.39902,135.908,10.9017,10.006245398679495,0.7993030081116771,4.065416666666667,1.0,"[{""file"": ""1.csv"", ""n"": 1767, ""x_min"": 4.15383, ""x_max"": 244.038, ""y_min"": 7.39902, ""y_max"": 135.908, ""u_mean"": 9.974376198851163, ""u_med"": 10.9109, ""u_p10"": 5.243252000000002, ""u_p90"": 12.925880000000001, ""speed_mean"": 10.057875834182232, ""v_abs_mean"": 0.7189928892699491, ""corr_mean"": 0.8021136576117713, ""peak_med"": 4.07648, ""flag_mean"": 1.0, ""rot_mean"": 9.266065367855123e-05, ""rot_abs_p95"": 0.004926094999999997}, {""file"": ""150.csv"", ""n"": 1767, ""x_min"": 4.15383, ""x_max"": 244.038, ""y_min"": 7.39902, ""y_max"": 135.908, ""u_mean"": 9.986552205546124, ""u_med"": 10.9017, ""u_p10"": 5.105684, ""u_p90"": 12.92922, ""speed_mean"": 10.063156357668364, ""v_abs_mean"": 0.761703679417091, ""corr_mean"": 0.7993065557441992, ""peak_med"": 4.10216, ""flag_mean"": 1.0, ""rot_mean"": 8.746700910582907e-05, ""rot_abs_p95"": 0.005184412999999997}, {""file"": ""299.csv"", ""n"": 1767, ""x_min"": 4.15383, ""x_max"": 244.038, ""y_min"": 7.39902, ""y_max"": 135.908, ""u_mean"": 9.809264104980192, ""u_med"": 10.7988, ""u_p10"": 4.655846000000001, ""u_p90"": 12.86908, ""speed_mean"": 9.89770400418789, ""v_abs_mean"": 0.8388896922637239, ""corr_mean"": 0.7964888109790605, ""peak_med"": 4.01761, ""flag_mean"": 1.0, ""rot_mean"": 7.886705576740231e-05, ""rot_abs_p95"": 0.005428286999999988}]"
蓝月传奇\计算结果\长方-10转速-第2组,长方-10转速-第2组,长方,长方,10,2,299,1767,4.15383,244.038,7.39902,135.908,10.9919,10.136011940765894,0.7945559762308999,4.07658,1.0,"[{""file"": ""1.csv"", ""n"": 1767, ""x_min"": 4.15383, ""x_max"": 244.038, ""y_min"": 7.39902, ""y_max"": 135.908, ""u_mean"": 9.98523091114884, ""u_med"": 10.9223, ""u_p10"": 5.473204, ""u_p90"": 12.968, ""speed_mean"": 10.069311831918506, ""v_abs_mean"": 0.8193097765874364, ""corr_mean"": 0.7924403718166384, ""peak_med"": 4.03856, ""flag_mean"": 1.0, ""rot_mean"": 8.627320816638369e-05, ""rot_abs_p95"": 0.005058276999999995}, {""file"": ""150.csv"", ""n"": 1767, ""x_min"": 4.15383, ""x_max"": 244.038, ""y_min"": 7.39902, ""y_max"": 135.908, ""u_mean"": 10.093046880588568, ""u_med"": 10.9919, ""u_p10"": 5.636426, ""u_p90"": 12.9105, ""speed_mean"": 10.179603504810412, ""v_abs_mean"": 0.8302153605885682, ""corr_mean"": 0.7952332529711374, ""peak_med"": 4.11402, ""flag_mean"": 1.0, ""rot_mean"": 8.596278251273349e-05, ""rot_abs_p95"": 0.004932971999999996}, {""file"": ""299.csv"", ""n"": 1767, ""x_min"": 4.15383, ""x_max"": 244.038, ""y_min"": 7.39902, ""y_max"": 135.908, ""u_mean"": 10.085432406960953, ""u_med"": 10.9921, ""u_p10"": 5.515886, ""u_p90"": 12.96288, ""speed_mean"": 10.15912048556876, ""v_abs_mean"": 0.7808848129315223, ""corr_mean"": 0.7959943039049235, ""peak_med"": 4.07716, ""flag_mean"": 1.0, ""rot_mean"": 9.699378679683077e-05, ""rot_abs_p95"": 0.0050193789999999966}]"
蓝月传奇\计算结果\长方-10转速-第3组,长方-10转速-第3组,长方,长方,10,3,299,1767,4.15383,244.038,7.39902,135.908,10.7207,9.963957056970383,0.7911428758724769,4.062703333333333,1.0,"[{""file"": ""1.csv"", ""n"": 1767, ""x_min"": 4.15383, ""x_max"": 244.038, ""y_min"": 7.39902, ""y_max"": 135.908, ""u_mean"": 9.959506940067913, ""u_med"": 10.793, ""u_p10"": 5.50227, ""u_p90"": 12.929160000000003, ""speed_mean"": 10.04777624957555, ""v_abs_mean"": 0.8544887652857951, ""corr_mean"": 0.7936768885116017, ""peak_med"": 4.0891, ""flag_mean"": 1.0, ""rot_mean"": 9.423256377475945e-05, ""rot_abs_p95"": 0.005245664999999999}, {""file"": ""150.csv"", ""n"": 1767, ""x_min"": 4.15383, ""x_max"": 244.038, ""y_min"": 7.39902, ""y_max"": 135.908, ""u_mean"": 9.94348766777589, ""u_med"": 10.7207, ""u_p10"": 5.5381, ""u_p90"": 12.82218, ""speed_mean"": 10.033688352574986, ""v_abs_mean"": 0.8792741032088285, ""corr_mean"": 0.7917617096774194, ""peak_med"": 4.07686, ""flag_mean"": 1.0, ""rot_mean"": 8.614644161290324e-05, ""rot_abs_p95"": 0.004723340999999999}, {""file"": ""299.csv"", ""n"": 1767, ""x_min"": 4.15383, ""x_max"": 244.038, ""y_min"": 7.39902, ""y_max"": 135.908, ""u_mean"": 9.725985621544991, ""u_med"": 10.4812, ""u_p10"": 5.4576020000000005, ""u_p90"": 12.56208, ""speed_mean"": 9.810406568760612, ""v_abs_mean"": 0.8747440232937181, ""corr_mean"": 0.7879900294284097, ""peak_med"": 4.02215, ""flag_mean"": 1.0, ""rot_mean"": 7.979077042444814e-05, ""rot_abs_p95"": 0.004775309999999996}]"
蓝月传奇\计算结果\长方-15转速-第1组,长方-15转速-第1组,长方,长方,15,1,299,1767,4.15383,244.038,7.39902,135.908,11.0068,9.989251488266365,0.8025382116581777,4.126643333333334,1.0,"[{""file"": ""1.csv"", ""n"": 1767, ""x_min"": 4.15383, ""x_max"": 244.038, ""y_min"": 7.39902, ""y_max"": 135.908, ""u_mean"": 9.944148891511034, ""u_med"": 11.0068, ""u_p10"": 4.588584, ""u_p90"": 12.9343, ""speed_mean"": 10.012167222184493, ""v_abs_mean"": 0.6838648768647425, ""corr_mean"": 0.803567052065648, ""peak_med"": 4.11399, ""flag_mean"": 1.0, ""rot_mean"": 7.823263188455013e-05, ""rot_abs_p95"": 0.005002504999999991}, {""file"": ""150.csv"", ""n"": 1767, ""x_min"": 4.15383, ""x_max"": 244.038, ""y_min"": 7.39902, ""y_max"": 135.908, ""u_mean"": 10.025216996264854, ""u_med"": 11.1037, ""u_p10"": 4.441186000000001, ""u_p90"": 13.06584, ""speed_mean"": 10.095403245048104, ""v_abs_mean"": 0.6918129787266553, ""corr_mean"": 0.8024623395585738, ""peak_med"": 4.17166, ""flag_mean"": 1.0, ""rot_mean"": 8.878029417657045e-05, ""rot_abs_p95"": 0.004898104999999991}, {""file"": ""299.csv"", ""n"": 1767, ""x_min"": 4.15383, ""x_max"": 244.038, ""y_min"": 7.39902, ""y_max"": 135.908, ""u_mean"": 9.795834838539898, ""u_med"": 10.9246, ""u_p10"": 4.424500000000001, ""u_p90"": 12.89954, ""speed_mean"": 9.860183997566498, ""v_abs_mean"": 0.7045017918279569, ""corr_mean"": 0.8015852433503112, ""peak_med"": 4.09428, ""flag_mean"": 1.0, ""rot_mean"": 8.937374405772494e-05, ""rot_abs_p95"": 0.0052044069999999994}]"
蓝月传奇\计算结果\长方-15转速-第2组,长方-15转速-第2组,长方,长方,15,2,299,1767,4.15383,244.038,7.39902,135.908,10.7418,9.887135808526695,0.7931558204112431,4.084976666666667,1.0,"[{""file"": ""1.csv"", ""n"": 1767, ""x_min"": 4.15383, ""x_max"": 244.038, ""y_min"": 7.39902, ""y_max"": 135.908, ""u_mean"": 9.746855697441994, ""u_med"": 10.6437, ""u_p10"": 5.2715000000000005, ""u_p90"": 12.89986, ""speed_mean"": 9.858973223542728, ""v_abs_mean"": 0.9050802408941708, ""corr_mean"": 0.7912410192416526, ""peak_med"": 4.06069, ""flag_mean"": 1.0, ""rot_mean"": 9.785866985285793e-05, ""rot_abs_p95"": 0.005410603999999999}, {""file"": ""150.csv"", ""n"": 1767, ""x_min"": 4.15383, ""x_max"": 244.038, ""y_min"": 7.39902, ""y_max"": 135.908, ""u_mean"": 9.908701715902659, ""u_med"": 10.7759, ""u_p10"": 5.337438000000001, ""u_p90"": 12.892940000000001, ""speed_mean"": 9.997768876627052, ""v_abs_mean"": 0.8457824979852857, ""corr_mean"": 0.7948430933786078, ""peak_med"": 4.10648, ""flag_mean"": 1.0, ""rot_mean"": 0.00011192611690435768, ""rot_abs_p95"": 0.0047877219999999925}, {""file"": ""299.csv"", ""n"": 1767, ""x_min"": 4.15383, ""x_max"": 244.038, ""y_min"": 7.39902, ""y_max"": 135.908, ""u_mean"": 9.72351431352575, ""u_med"": 10.7418, ""u_p10"": 4.916272000000001, ""u_p90"": 12.99624, ""speed_mean"": 9.804665325410301, ""v_abs_mean"": 0.7990934015053764, ""corr_mean"": 0.7933833486134693, ""peak_med"": 4.08776, ""flag_mean"": 1.0, ""rot_mean"": 0.00011463165303904928, ""rot_abs_p95"": 0.004786448999999992}]"
蓝月传奇\计算结果\长方-15转速-第3组,长方-15转速-第3组,长方,长方,15,3,299,1767,4.15383,244.038,7.39902,135.908,10.1068,9.128798060441426,0.777617420863988,3.98411,1.0,"[{""file"": ""1.csv"", ""n"": 1767, ""x_min"": 4.15383, ""x_max"": 244.038, ""y_min"": 7.39902, ""y_max"": 135.908, ""u_mean"": 9.103704689869835, ""u_med"": 10.1453, ""u_p10"": 4.0093440000000005, ""u_p90"": 12.55752, ""speed_mean"": 9.234616915110356, ""v_abs_mean"": 1.0262602275438597, ""corr_mean"": 0.7766312563667233, ""peak_med"": 3.97332, ""flag_mean"": 1.0, ""rot_mean"": 5.8919465166949647e-05, ""rot_abs_p95"": 0.005459178999999999}, {""file"": ""150.csv"", ""n"": 1767, ""x_min"": 4.15383, ""x_max"": 244.038, ""y_min"": 7.39902, ""y_max"": 135.908, ""u_mean"": 9.00876738500283, ""u_med"": 10.1068, ""u_p10"": 3.8408520000000004, ""u_p90"": 12.48178, ""speed_mean"": 9.130793515223543, ""v_abs_mean"": 0.9756091392359931, ""corr_mean"": 0.7772265495189586, ""peak_med"": 3.97983, ""flag_mean"": 1.0, ""rot_mean"": 6.64811168760611e-05, ""rot_abs_p95"": 0.005497352999999994}, {""file"": ""299.csv"", ""n"": 1767, ""x_min"": 4.15383, ""x_max"": 244.038, ""y_min"": 7.39902, ""y_max"": 135.908, ""u_mean"": 8.900014435619694, ""u_med"": 9.87365, ""u_p10"": 3.7525400000000007, ""u_p90"": 12.4776, ""speed_mean"": 9.02098375099038, ""v_abs_mean"": 0.9592873492529712, ""corr_mean"": 0.7789944567062819, ""peak_med"": 3.99918, ""flag_mean"": 1.0, ""rot_mean"": 5.629478749858511e-05, ""rot_abs_p95"": 0.005272751999999999}]"
