epoch,phase,loss_total,loss_shape,loss_params,loss_re,val_loss
1,pretrain,0.05286989988828147,,,,
2,pretrain,0.012045399132012217,,,,
3,pretrain,0.007981028416090542,,,,
4,pretrain,0.006868416853938942,,,,
5,pretrain,0.006321615875457172,,,,
6,pretrain,0.006190337075127496,,,,
7,pretrain,0.006152099835927839,,,,
8,pretrain,0.006243610629742896,,,,
9,pretrain,0.006319738954857544,,,,
10,pretrain,0.006608242089687674,,,,
11,pretrain,0.006756066326051951,,,,
12,pretrain,0.006856700306827271,,,,
13,pretrain,0.0070706222675464775,,,,
14,pretrain,0.007332730580259252,,,,
15,pretrain,0.00723610600663556,,,,
16,pretrain,0.007511093419183184,,,,
17,pretrain,0.007629840093906279,,,,
18,pretrain,0.007856144082766992,,,,
19,pretrain,0.008172503720830988,,,,
20,pretrain,0.008220406567884817,,,,
21,pretrain,0.008398254032212275,,,,
22,pretrain,0.008183181223769983,,,,
23,pretrain,0.008334585283365515,,,,
24,pretrain,0.008504258129331801,,,,
25,pretrain,0.008404212814790231,,,,
26,finetune,0.7948611716015471,0.7948611716015471,0.7647861654994389,0.0,0.96759296586944
27,finetune,0.060462600027935375,0.060462600027935375,2.439960551791721,0.0,0.4056410153054943
28,finetune,0.0016785317066953414,0.0016785317066953414,3.1029356702168784,0.0,0.5064240316604264
29,finetune,0.0005263517336505983,0.0005263517336505983,3.5761453013949924,0.0,0.6051628565845183
30,finetune,0.00026355834613140257,0.00026355834613140257,4.069259170956082,0.0,0.6579975959632752
31,finetune,0.00013247036782559007,0.00013247036782559007,4.409052039252387,0.0,0.6963193555537792
32,finetune,9.221189180809435e-05,9.221189180809435e-05,4.734066869947646,0.0,0.6973932921543989
33,finetune,6.833680105046369e-05,6.833680105046369e-05,5.106116222805447,0.0,0.7038498760626923
34,finetune,4.6718764804407124e-05,4.6718764804407124e-05,5.393487040201823,0.0,0.7388250999387108
35,finetune,3.783000785107207e-05,3.783000785107207e-05,5.664181535508898,0.0,0.7408967142778258
36,finetune,3.097589932925378e-05,3.097589932925378e-05,5.814704157511393,0.0,0.762655841256419
37,finetune,3.365491681809848e-05,3.365491681809848e-05,6.0026030180189345,0.0,0.8133998085970415
38,finetune,2.8433948431888388e-05,2.8433948431888388e-05,6.174983277850681,0.0,0.8021554159200807
39,finetune,2.6529758906690402e-05,2.6529758906690402e-05,6.380112586551243,0.0,0.7892380411866745
40,finetune,2.3135554935530916e-05,2.3135554935530916e-05,6.415217391120063,0.0,0.786880751064008
41,finetune,3.812980873691332e-05,3.812980873691332e-05,6.487492139604356,0.0,1.0864641410218419
42,finetune,2.0652852601617472e-05,2.0652852601617472e-05,6.886968116760254,0.0,1.0576986114258418
43,finetune,1.8448519927510967e-05,1.8448519927510967e-05,6.815351058112251,0.0,0.9929419446291224
44,finetune,1.587634214249394e-05,1.587634214249394e-05,6.803643925984701,0.0,0.9823527885857322
45,finetune,1.15267924896519e-05,1.15267924896519e-05,6.875205001831055,0.0,0.9718794401855788
46,finetune,8.082487361712588e-06,8.082487361712588e-06,7.008153550889757,0.0,0.9657358259030157
47,finetune,9.871554583595651e-06,9.871554583595651e-06,7.062833565606011,0.0,0.961334283082806
48,finetune,8.551645298414062e-06,8.551645298414062e-06,7.018326369391548,0.0,0.9590125774768532
49,finetune,8.073010685620829e-06,8.073010685620829e-06,7.101858139038086,0.0,0.962548373146357
50,finetune,8.620599366824737e-06,8.620599366824737e-06,7.066238191392687,0.0,0.9574331715813317
51,finetune,7.109682027375028e-06,7.109682027375028e-06,7.195008608500163,0.0,0.9526855587835037
52,finetune,6.998035239828621e-06,6.998035239828621e-06,7.110658128526476,0.0,0.9488823480513313
53,finetune,7.1268663254563255e-06,7.1268663254563255e-06,7.222939724392361,0.0,0.9423373423564337
54,finetune,5.7681211607511314e-06,5.7681211607511314e-06,7.288336804707845,0.0,0.941857015725995
55,finetune,6.721730531151277e-06,6.721730531151277e-06,7.365258568657769,0.0,0.948132999145357
56,finetune,6.386898710641415e-06,6.386898710641415e-06,7.453312725490994,0.0,0.9516427196960376
57,finetune,6.557628815547408e-06,6.557628815547408e-06,7.42674917432997,0.0,0.9483435689085056
58,finetune,5.670945334309686e-06,5.670945334309686e-06,7.430667101542155,0.0,0.9519003617401421
59,finetune,5.672338765078975e-06,5.672338765078975e-06,7.433840721978082,0.0,0.9529635545524214
60,finetune,5.56251109931812e-06,5.56251109931812e-06,7.506751327514649,0.0,0.9556296910216571
61,finetune,5.709200411527288e-06,5.709200411527288e-06,7.5679185443454315,0.0,0.958888729132709
62,finetune,4.50794506832608e-06,4.50794506832608e-06,7.558953412373861,0.0,0.9582043478098323
63,finetune,4.989874637431057e-06,4.989874637431057e-06,7.626972927517361,0.0,0.9563358365472078
64,finetune,5.844017390093844e-06,5.844017390093844e-06,7.563503197564019,0.0,0.9437353591199611
65,finetune,5.7752202802577005e-06,5.7752202802577005e-06,7.538899408976237,0.0,0.9456552486481854
66,finetune,4.555623914812815e-06,4.555623914812815e-06,7.624996248881022,0.0,0.9464374807594664
67,finetune,4.687477203080764e-06,4.687477203080764e-06,7.585541763305664,0.0,0.947450015065161
68,finetune,4.885664038738469e-06,4.885664038738469e-06,7.5259977255927195,0.0,0.9481793720881129
69,finetune,5.889242613900731e-06,5.889242613900731e-06,7.676037777794732,0.0,0.9537861007135566
70,finetune,4.652023055453153e-06,4.652023055453153e-06,7.6904580518934464,0.0,0.9549190926741963
71,finetune,5.453082562275489e-06,5.453082562275489e-06,7.670780058966742,0.0,0.9556048984678494
72,finetune,6.1791120535619685e-06,6.1791120535619685e-06,7.532255634731716,0.0,0.9553881696663523
73,finetune,6.3596543380602575e-06,6.3596543380602575e-06,7.658436584472656,0.0,0.9541290164333278
74,finetune,4.508772695367548e-06,4.508772695367548e-06,7.546765869988335,0.0,0.9541862339903531
75,finetune,4.935008348386165e-06,4.935008348386165e-06,7.590004829830593,0.0,0.9542144103162696
