directory,source_name,shape_cn,shape,speed_level,sequence,csv_files,selected_csvs,freestream_u_median_mm_s,estimated_re_median
/mnt/c/Users/chenyihao/Documents/GitHub/fluid-shape-pipeline/蓝月传奇/计算结果/机翼-5转速-第1组,机翼-5转速-第1组,机翼,airfoil,5,1,299,60,12.085175000000001,964.2574547100769
/mnt/c/Users/chenyihao/Documents/GitHub/fluid-shape-pipeline/蓝月传奇/计算结果/机翼-5转速-第2组,机翼-5转速-第2组,机翼,airfoil,5,2,299,60,12.0905,964.6823282387044
/mnt/c/Users/chenyihao/Documents/GitHub/fluid-shape-pipeline/蓝月传奇/计算结果/机翼-5转速-第3组,机翼-5转速-第3组,机翼,airfoil,5,3,299,60,12.107675,966.0526949718833
/mnt/c/Users/chenyihao/Documents/GitHub/fluid-shape-pipeline/蓝月传奇/计算结果/机翼-10转速-第1组,机翼-10转速-第1组,机翼,airfoil,10,1,299,60,12.095125,965.0513498480756
/mnt/c/Users/chenyihao/Documents/GitHub/fluid-shape-pipeline/蓝月传奇/计算结果/机翼-10转速-第2组,机翼-10转速-第2组,机翼,airfoil,10,2,299,60,12.1236,967.3233261349618
/mnt/c/Users/chenyihao/Documents/GitHub/fluid-shape-pipeline/蓝月传奇/计算结果/机翼-10转速-第3组,机翼-10转速-第3组,机翼,airfoil,10,3,299,60,12.234375,976.1618923572556
/mnt/c/Users/chenyihao/Documents/GitHub/fluid-shape-pipeline/蓝月传奇/计算结果/机翼-15转速-第1组,机翼-15转速-第1组,机翼,airfoil,15,1,299,60,12.014125,958.5884849055725
/mnt/c/Users/chenyihao/Documents/GitHub/fluid-shape-pipeline/蓝月传奇/计算结果/机翼-15转速-第2组,机翼-15转速-第2组,机翼,airfoil,15,2,299,60,12.141124999999999,968.7216188277688
/mnt/c/Users/chenyihao/Documents/GitHub/fluid-shape-pipeline/蓝月传奇/计算结果/机翼-15转速-第3组,机翼-15转速-第3组,机翼,airfoil,15,3,299,60,12.077725000000001,963.6630307122788
/mnt/c/Users/chenyihao/Documents/GitHub/fluid-shape-pipeline/蓝月传奇/计算结果/长方-5转速-第1组,长方-5转速-第1组,长方,bar,5,1,299,60,11.768125,938.9605247098219
/mnt/c/Users/chenyihao/Documents/GitHub/fluid-shape-pipeline/蓝月传奇/计算结果/长方-5转速-第2组,长方-5转速-第2组,长方,bar,5,2,299,60,11.831800000000001,944.0410546507343
/mnt/c/Users/chenyihao/Documents/GitHub/fluid-shape-pipeline/蓝月传奇/计算结果/长方-5转速-第3组,长方-5转速-第3组,长方,bar,5,3,299,60,11.784625,940.2770342351467
/mnt/c/Users/chenyihao/Documents/GitHub/fluid-shape-pipeline/蓝月传奇/计算结果/长方-10转速-第1组,长方-10转速-第1组,长方,bar,10,1,299,60,12.018324999999999,958.9235964211096
/mnt/c/Users/chenyihao/Documents/GitHub/fluid-shape-pipeline/蓝月传奇/计算结果/长方-10转速-第2组,长方-10转速-第2组,长方,bar,10,2,299,60,11.847150000000001,945.2658074515667
/mnt/c/Users/chenyihao/Documents/GitHub/fluid-shape-pipeline/蓝月传奇/计算结果/长方-10转速-第3组,长方-10转速-第3组,长方,bar,10,3,299,60,11.7133,934.5861226052203
/mnt/c/Users/chenyihao/Documents/GitHub/fluid-shape-pipeline/蓝月传奇/计算结果/长方-15转速-第1组,长方-15转速-第1组,长方,bar,15,1,299,60,12.003975,957.7786320763576
/mnt/c/Users/chenyihao/Documents/GitHub/fluid-shape-pipeline/蓝月传奇/计算结果/长方-15转速-第2组,长方-15转速-第2组,长方,bar,15,2,299,60,11.81195,942.4572537975405
/mnt/c/Users/chenyihao/Documents/GitHub/fluid-shape-pipeline/蓝月传奇/计算结果/长方-15转速-第3组,长方-15转速-第3组,长方,bar,15,3,299,60,11.477,915.7321104334486
/mnt/c/Users/chenyihao/Documents/GitHub/fluid-shape-pipeline/蓝月传奇/计算结果/圆-5转速-第1组,圆-5转速-第1组,圆,circle,5,1,299,60,7.7736225,620.2453374259773
/mnt/c/Users/chenyihao/Documents/GitHub/fluid-shape-pipeline/蓝月传奇/计算结果/圆-5转速-第2组,圆-5转速-第2组,圆,circle,5,2,299,60,10.8976,869.5026789805306
/mnt/c/Users/chenyihao/Documents/GitHub/fluid-shape-pipeline/蓝月传奇/计算结果/圆-5转速-第3组,圆-5转速-第3组,圆,circle,5,3,299,60,8.916599999999999,711.4417474854828
/mnt/c/Users/chenyihao/Documents/GitHub/fluid-shape-pipeline/蓝月传奇/计算结果/圆-10转速-第1组,圆-10转速-第1组,圆,circle,10,1,299,60,8.978024999999999,716.3427534002145
/mnt/c/Users/chenyihao/Documents/GitHub/fluid-shape-pipeline/蓝月传奇/计算结果/圆-10转速-第2组,圆-10转速-第2组,圆,circle,10,2,299,60,9.1847225,732.8348278008694
/mnt/c/Users/chenyihao/Documents/GitHub/fluid-shape-pipeline/蓝月传奇/计算结果/圆-10转速-第3组,圆-10转速-第3组,圆,circle,10,3,299,60,10.3445,825.371683922524
/mnt/c/Users/chenyihao/Documents/GitHub/fluid-shape-pipeline/蓝月传奇/计算结果/圆-15转速-第1组,圆-15转速-第1组,圆,circle,15,1,299,60,9.157847499999999,730.6905130437118
/mnt/c/Users/chenyihao/Documents/GitHub/fluid-shape-pipeline/蓝月传奇/计算结果/圆-15转速-第2组,圆-15转速-第2组,圆,circle,15,2,299,60,10.996825,877.4196885350968
/mnt/c/Users/chenyihao/Documents/GitHub/fluid-shape-pipeline/蓝月传奇/计算结果/圆-15转速-第3组,圆-15转速-第3组,圆,circle,15,3,299,60,7.927165,632.4962564436846
/mnt/c/Users/chenyihao/Documents/GitHub/fluid-shape-pipeline/蓝月传奇/计算结果/菱形-5转速-第1组,菱形-5转速-第1组,菱形,diamond,5,1,299,60,10.507900000000001,838.409117646043
/mnt/c/Users/chenyihao/Documents/GitHub/fluid-shape-pipeline/蓝月传奇/计算结果/菱形-5转速-第2组,菱形-5转速-第2组,菱形,diamond,5,2,299,60,10.887425,868.6908314399136
/mnt/c/Users/chenyihao/Documents/GitHub/fluid-shape-pipeline/蓝月传奇/计算结果/菱形-5转速-第3组,菱形-5转速-第3组,菱形,diamond,5,3,299,60,11.799525,941.4658822307429
/mnt/c/Users/chenyihao/Documents/GitHub/fluid-shape-pipeline/蓝月传奇/计算结果/菱形-10转速-第1组,菱形-10转速-第1组,菱形,diamond,10,1,299,60,9.5888475,765.0793376143154
/mnt/c/Users/chenyihao/Documents/GitHub/fluid-shape-pipeline/蓝月传奇/计算结果/菱形-10转速-第2组,菱形-10转速-第2组,菱形,diamond,10,2,299,60,11.337074999999999,904.5677107164144
/mnt/c/Users/chenyihao/Documents/GitHub/fluid-shape-pipeline/蓝月传奇/计算结果/菱形-10转速-第3组,菱形-10转速-第3组,菱形,diamond,10,3,299,60,6.817885,543.9885178829444
/mnt/c/Users/chenyihao/Documents/GitHub/fluid-shape-pipeline/蓝月传奇/计算结果/菱形-15转速-第1组,菱形-15转速-第1组,菱形,diamond,15,1,299,60,10.6711,851.4305936783456
/mnt/c/Users/chenyihao/Documents/GitHub/fluid-shape-pipeline/蓝月传奇/计算结果/菱形-15转速-第2组,菱形-15转速-第2组,菱形,diamond,15,2,299,60,8.824945,704.1287365434442
/mnt/c/Users/chenyihao/Documents/GitHub/fluid-shape-pipeline/蓝月传奇/计算结果/菱形-15转速-第3组,菱形-15转速-第3组,菱形,diamond,15,3,299,60,8.180847499999999,652.7371914532717
/mnt/c/Users/chenyihao/Documents/GitHub/fluid-shape-pipeline/蓝月传奇/计算结果/三角-5转速-第1组,三角-5转速-第1组,三角,triangle,5,1,299,60,9.99714,797.6563658184758
/mnt/c/Users/chenyihao/Documents/GitHub/fluid-shape-pipeline/蓝月传奇/计算结果/三角-5转速-第2组,三角-5转速-第2组,三角,triangle,5,2,299,60,3.5126875,280.2719123175215
/mnt/c/Users/chenyihao/Documents/GitHub/fluid-shape-pipeline/蓝月传奇/计算结果/三角-5转速-第3组,三角-5转速-第3组,三角,triangle,5,3,299,60,8.5559625,682.6670381558285
/mnt/c/Users/chenyihao/Documents/GitHub/fluid-shape-pipeline/蓝月传奇/计算结果/三角-10转速-第1组,三角-10转速-第1组,三角,triangle,10,1,299,60,3.6922024999999996,294.5951370107741
/mnt/c/Users/chenyihao/Documents/GitHub/fluid-shape-pipeline/蓝月传奇/计算结果/三角-10转速-第2组,三角-10转速-第2组,三角,triangle,10,2,299,60,3.8578375,307.8108979336324
/mnt/c/Users/chenyihao/Documents/GitHub/fluid-shape-pipeline/蓝月传奇/计算结果/三角-10转速-第3组,三角-10转速-第3组,三角,triangle,10,3,299,60,6.528725,520.9168879227686
/mnt/c/Users/chenyihao/Documents/GitHub/fluid-shape-pipeline/蓝月传奇/计算结果/三角-15转速-第1组,三角-15转速-第1组,三角,triangle,15,1,299,60,8.92306,711.9571809117615
/mnt/c/Users/chenyihao/Documents/GitHub/fluid-shape-pipeline/蓝月传奇/计算结果/三角-15转速-第2组,三角-15转速-第2组,三角,triangle,15,2,299,60,5.556217500000001,443.32201597126954
/mnt/c/Users/chenyihao/Documents/GitHub/fluid-shape-pipeline/蓝月传奇/计算结果/三角-15转速-第3组,三角-15转速-第3组,三角,triangle,15,3,299,60,7.2804875,580.8988571368251
